SYMBOL,AVG_TTL_TRD_QNTY,AVG_DELIV_QTY
1018GS2026,205.0,205.0
20MICRONS,873873.4,206494.9
21STCENMGM,8601.5,6358.2
360ONE,3490453.1,2153542.3
3IINFOLTD,659581.6,305154.4
3MINDIA,7008.5,3577.2
3PLAND,6032.0,3930.9
574GS2026,302.0,298.0
5PAISA,23628.6,11202.1
610GS2031,2501.0,2501.0
628GS2032,100.0,100.0
63MOONS,289704.1,120395.8
654GS2032,9500.0,9500.0
664GS2027,150.0,150.0
667GS2035,2000.0,2000.0
667GS2050,3100.0,3100.0
676GS2061,1.0,1.0
68GS2060,4673.0,4673.0
690GS2065,2228.0,2128.0
699GS2051,5004.0,5003.0
702GS2031,1000.0,1000.0
706GS2028,4000.0,4000.0
709GS2054,4.0,2.0
709GS2074,5400.0,3600.0
710GS2029,276.0,276.0
717GS2030,6700.0,6700.0
718GS2037,30800.0,30800.0
723GS2039,100.0,100.0
725GS2063,320429.0,320429.0
726GS2029,1.0,1.0
726GS2032,7750.0,7750.0
733GS2026,300.0,300.0
734GS2064,48902.0,48902.0
736GS2052,10.0,10.0
738GS2027,30602.0,27802.0
73GS2053,2.0,1.0
741GS2036,14100.0,10000.0
746GS2073,2600.0,2400.0
74GS2062,1010.0,1010.0
754GS2036,443028.0,406792.0
772GS2055,16.0,16.0
788GS2030,48.0,48.0
795GS2032,3000.0,3000.0
824GS2027,14000.0,14000.0
83GS2042,100.0,100.0
92GS2030,14952.0,14952.0
AAATECH,70284.1,33958.0
AADHARHFC,1749018.2,733619.4
AAKAAR,473600.0,252800.0
AARON,34057.5,15339.3
AARTECH,200547.4,94556.8
AARTIDRUGS,1355530.7,239197.4
AARTIIND,1317372.2,542369.2
AARTIPHARM,280481.0,124704.9
AARVI,11765.7,7133.5
AATMAJ,10000.0,10000.0
AAVAS,123163.0,56288.2
ABAN,77727.4,48568.6
ABB,443092.7,210198.7
ABBOTINDIA,4148.3,1976.7
ABCAPITAL,2233991.1,1024996.9
ABCOTS,5250.0,3750.0
ABDL,676416.9,323588.6
ABFRL,5632462.8,3087237.8
ABGSEC,1188.8,876.6
ABHAPOWER,67200.0,59200.0
ABLBL,2124743.6,1443311.6
ABREL,199702.8,97214.0
ABSLAMC,511800.3,250672.1
ABSLBANETF,365147.3,351250.1
ABSLLIQUID,3802.8,3044.4
ABSLNN50ET,23840.5,17363.6
ABSLPSE,158650.0,110251.3
ABSMARINE,35500.0,33500.0
ACC,309756.7,162182.0
ACCELYA,6062.4,3553.5
ACCENTMIC,36500.0,28000.0
ACCPL,26400.0,21600.0
ACCURACY,193625.8,152186.7
ACE,139788.5,79736.8
ACEINTEG,3737.6,2351.8
ACI,195559.2,83718.3
ACL,44070.8,29982.9
ACLGATI,359592.1,153208.6
ACMESOLAR,4107632.2,1143600.6
ACTIVEINFR,600.0,600.0
ACUTAAS,294066.0,164386.4
ADANIENSOL,884324.8,368517.2
ADANIENT,463883.8,146234.8
ADANIGREEN,2069040.6,598644.8
ADANIPORTS,1064722.9,459025.1
ADANIPOWER,4664689.4,1443090.4
ADFFOODS,132699.0,55629.3
ADOR,9024.8,5142.9
ADROITINFO,76988.9,51570.3
ADSL,135028.1,57796.3
ADVANIHOTR,63908.1,37288.8
ADVENZYMES,237588.7,121569.9
AEGISLOG,293932.0,120541.8
AEGISVOPAK,2045140.0,946998.5
AEROENTER,490847.5,238749.7
AEROFLEX,3586383.6,815227.3
AERON,133000.0,102000.0
AESTHETIK,28000.0,28000.0
AETHER,130057.9,68896.8
AFCONS,1904045.2,816290.0
AFFLE,147266.3,73169.5
AFFORDABLE,52645.8,25951.4
AFIL,1482595.0,854827.4
AFSL,158585.5,64531.1
AGARIND,21789.8,11957.8
AGARWALEYE,209179.0,139144.7
AGARWALFT,16500.0,15000.0
AGARWALTUF,42000.0,42000.0
AGI,1422934.7,205072.6
AGIIL,184049.6,73744.3
AGNI,2500.0,2500.0
AGRITECH,25935.0,10196.2
AGROPHOS,38457.4,22171.0
AHLADA,10391.0,6517.8
AHLEAST,11398.2,8265.3
AHLUCONT,141001.4,47476.0
AIAENG,27054.5,15560.1
AIIL,291414.7,77010.8
AILIMITED,1500.0,1500.0
AIMTRON,92000.0,66800.0
AIRAN,186811.8,85149.3
AIROLAM,21513.4,7263.6
AIRTELPP,516644.0,477568.0
AISL,1800.0,1800.0
AJANTPHARM,207188.4,141065.9
AJAXENGG,127258.5,63111.2
AJMERA,64210.7,26837.7
AJOONI,494921.2,345201.0
AKANKSHA,24000.0,24000.0
AKASH,9658.6,6422.2
AKG,82156.7,45533.8
AKIKO,102400.0,57600.0
AKSHARCHEM,12229.5,7786.9
AKSHOPTFBR,195114.3,124397.3
AKUMS,320684.6,154588.6
AKZOINDIA,73687.5,39070.0
ALANKIT,1144377.7,478807.9
ALBERTDAVD,4752.2,3049.2
ALEMBICLTD,456542.6,188677.3
ALICON,14673.5,6624.3
ALIVUS,105493.8,53725.5
ALKALI,12488.0,7527.7
ALKEM,129336.5,82025.2
ALKYLAMINE,50848.8,20338.9
ALLCARGO,5901024.1,1849900.7
ALLDIGI,6440.1,4391.8
ALLETEC,17600.0,11600.0
ALMONDZ,217437.9,122828.8
ALOKINDS,44744962.5,7590007.6
ALPA,14567.3,9706.5
ALPEXSOLAR,35200.0,25600.0
ALPHA,833237.0,561217.8
ALPHAETF,411363.2,305223.6
ALPHAGEO,12768.4,4498.3
ALPL30IETF,742604.4,551972.9
ALUWIND,33000.0,31500.0
AMBANIORGO,6000.0,5000.0
AMBER,329625.6,97270.6
AMBEY,26000.0,18000.0
AMBICAAGAR,83091.2,25976.9
AMBIKCO,7659.6,4818.1
AMBUJACEM,2533074.6,1384165.2
AMDIND,15784.9,8347.6
AMEYA,2000.0,2000.0
AMIABLE,1600.0,1600.0
AMJLAND,37384.3,21694.0
AMNPLST,5823.7,3326.4
AMRUTANJAN,26228.5,15486.2
ANANDRATHI,954645.0,168533.7
ANANTRAJ,3613330.1,1292773.0
ANDHRAPAP,182932.5,90104.0
ANDHRSUGAR,139330.3,66853.5
ANGELONE,1392666.8,222518.6
ANIKINDS,10885.4,6391.0
ANLON,1600.0,1600.0
ANMOL,63585.1,36588.5
ANNAPURNA,90000.0,48750.0
ANTGRAPHIC,271535.2,189864.4
ANTHEM,22153625.33,11788475.0
ANUHPHR,485779.3,117439.6
ANUP,23031.5,11083.5
ANURAS,108754.1,57442.7
ANYA,105000.0,75000.0
AONELIQUID,26053.2,22692.7
AONENIFTY,256140.7,206773.2
AONETOTAL,528280.3,345222.9
APARINDS,72938.6,31576.4
APCOTEXIND,25643.5,14330.6
APEX,33192.7,15547.5
APEXECO,6400.0,4800.0
APLAPOLLO,494304.0,322752.7
APLLTD,140488.3,44992.1
APOLLO,2451942.6,984788.9
APOLLOHOSP,427696.4,304289.3
APOLLOPIPE,136508.9,68780.8
APOLLOTYRE,950061.4,443030.2
APOLSINHOT,8449.9,1747.1
APRAMEYA,15000.0,15000.0
APS,29250.0,28500.0
APTUS,1328117.7,815867.0
ARABIAN,10000.0,10000.0
ARCHIDPLY,10959.4,6791.6
ARE&M,590277.0,292820.6
ARFIN,727702.5,267806.5
ARHAM,5000.0,4000.0
ARIES,79592.2,39179.0
ARIHANTACA,400.0,400.0
ARIHANTCAP,1459113.2,383567.9
ARIHANTSUP,133967.5,69193.9
ARISINFRA,812707.5,346556.4
ARISTO,1600.0,1600.0
ARKADE,1645311.8,563745.2
ARMANFIN,25386.2,11916.7
AROGRANITE,18754.8,10069.8
ARTEMISMED,71883.6,41225.0
ARUNAYA,50000.0,48000.0
ARVEE,980.6,509.9
ARVIND,164007.8,81581.7
ARVINDFASN,515584.3,268797.5
ARVINDPORT,3000.0,3000.0
ARVSMART,106762.5,64617.4
ASAHIINDIA,440434.2,128198.0
ASAL,74621.4,17469.1
ASALCBR,50993.2,26436.3
ASHALOG,7000.0,7000.0
ASHAPURMIN,1059009.1,427348.8
ASHIANA,50326.7,17635.7
ASHOKA,613171.8,287495.2
ASHOKAMET,22109.2,13615.4
ASHOKLEY,7400083.3,4144103.2
ASIANENE,79250.4,32593.3
ASIANPAINT,698317.5,405813.5
ASKAUTOLTD,223039.0,109168.0
ASMS,446439.6,249141.8
ASPINWALL,2478.3,1582.7
ASPIRE,2000.0,2000.0
ASTEC,30985.0,14763.0
ASTERDM,878447.2,407211.6
ASTRAL,504872.1,267203.6
ASTRAMICRO,289944.4,142328.2
ASTRAZEN,38241.7,10002.3
ASTRON,22476.1,15500.4
ATAM,12832.2,8591.1
ATCENERGY,116400.0,46800.0
ATGL,528188.4,179991.8
ATHERENERG,751287.7,340489.5
ATL,424463.6,242561.0
ATLANTAA,38163.3,23100.8
ATMASTCO,127600.0,80800.0
ATUL,53860.4,21466.6
ATULAUTO,57703.2,25981.6
AUBANK,3172090.0,1581475.4
AURDIS,9375.0,8750.0
AURIONPRO,146357.9,63095.0
AUROIMPEX,6400.0,6400.0
AUROPHARMA,714434.4,312262.4
AURUM,298850.8,110262.7
AUSL,902000.0,370000.0
AUTOAXLES,10677.4,7595.8
AUTOBEES,249904.4,191930.5
AUTOIETF,924521.3,759020.9
AUTOIND,84403.4,48817.1
AVADHSUGAR,47742.4,26870.5
AVALON,221494.3,114750.0
AVANTEL,1020334.4,473044.7
AVANTIFEED,374367.6,170041.6
AVG,20715.5,14351.6
AVIANSH,15000.0,15000.0
AVL,221732.7,153287.1
AVONMORE,432139.75,243610.88
AVPINFRA,53600.0,33600.0
AVROIND,65049.9,42785.5
AVSL,4000.0,4000.0
AVTNPL,347689.9,141189.4
AWFIS,170210.2,93359.9
AWHCL,63578.6,29615.5
AWL,6997771.9,2912936.7
AXISBANK,9903350.5,6564495.4
AXISBNKETF,12435.0,12000.5
AXISBPSETF,22548.2,18303.3
AXISCETF,2064.1,1660.4
AXISGOLD,441207.8,374216.3
AXISHCETF,3137.8,2636.3
AXISILVER,371210.8,328697.8
AXISNIFTY,19894.2,18999.6
AXISTECETF,70749.4,68435.3
AXISVALUE,11205.0,9723.9
AXITA,3287632.0,751337.6
AXSENSEX,4556.1,4364.7
AYMSYNTEX,21449.0,13448.6
AZAD,141728.7,70129.2
BABAFP,3200.0,3200.0
BAFNAPH,4441.4,2883.3
BAGFILMS,122681.6,70812.2
BAHETI,30750.0,25125.0
BAIDFIN,576653.7,318548.5
BAJAJ-AUTO,292878.8,164739.1
BAJAJCON,1160486.8,463550.6
BAJAJELEC,29847.2,12699.5
BAJAJFINSV,904931.7,474577.4
BAJAJHCARE,258537.9,83942.3
BAJAJHFL,4807724.0,2492479.4
BAJAJHIND,6168854.6,2325532.2
BAJAJHLDNG,31827.9,15812.0
BAJAJINDEF,98064.7,43388.6
BAJFINANCE,5726079.5,3063773.5
BALAJEE,187498.8,139266.4
BALAJIPHOS,6000.0,6000.0
BALAMINES,71919.9,30548.9
BALAXI,357143.1,261951.9
BALCO,3600.0,3600.0
BALKRISHNA,51851.8,18651.2
BALKRISIND,419327.7,247786.1
BALMLAWRIE,325103.8,194617.3
BALPHARMA,12340.3,8023.2
BALRAMCHIN,352541.5,162759.9
BANARBEADS,7873.7,3492.5
BANARISUG,1218.0,844.8
BANCOINDIA,210618.3,95499.8
BANDHANBNK,8657160.8,3300532.9
BANG,13347.9,8360.5
BANKA,21251.2,16824.7
BANKBARODA,6576669.1,2911972.4
BANKBEES,435830.5,273060.1
BANKBETF,23224.5,18085.3
BANKETF,4059.0,3514.2
BANKETFADD,25250.5,23156.3
BANKIETF,795252.5,715429.6
BANKINDIA,5780155.4,2741856.8
BANKNIFTY1,158464.8,134229.5
BANKPSU,9129.8,7418.1
BANSALWIRE,323411.9,163568.0
BANSWRAS,22898.1,13900.2
BARBEQUE,76740.9,40708.5
BARFLEX,22000.0,16000.0
BASF,20182.0,9231.2
BASILIC,11700.0,9600.0
BASML,125306.3,75877.7
BATAINDIA,118711.3,68936.2
BAWEJA,14400.0,8800.0
BAYERCROP,29686.7,19253.6
BBETF0432,3927.3,3729.0
BBL,82555.7,36057.5
BBNPNBETF,2101.8,477.5
BBNPPGOLD,1564.3,1065.1
BBTC,81974.5,27607.2
BBTCL,12543.0,5785.5
BCG,30454951.0,14036702.67
BCLIND,1878924.6,672589.1
BCONCEPTS,6580.7,4401.6
BDL,1875473.7,590146.9
BEACON,5000.0,5000.0
BEARDSELL,76117.8,29421.4
BECTORFOOD,122844.0,70152.2
BEDMUTHA,25424.5,21701.8
BEL,13702589.8,7615607.1
BELLACASA,11273.75,7864.0
BELRISE,18890867.1,5804828.2
BEML,424114.0,117342.3
BEPL,323280.7,152753.1
BERGEPAINT,381696.4,240190.7
BESTAGRO,138706.7,53900.1
BETA,7350.0,5040.0
BEWLTD,5000.0,4500.0
BFINVEST,35556.6,15588.2
BFSI,307508.4,268601.6
BFUTILITIE,115277.9,49237.6
BHAGCHEM,92411.4,58114.5
BHAGERIA,25967.2,13664.9
BHAGYANGR,502455.8,188945.5
BHANDARI,276005.5,190173.2
BHARATFORG,769299.4,384696.8
BHARATGEAR,49110.9,23255.5
BHARATRAS,3141.5,1343.8
BHARATWIRE,260609.7,100450.4
BHARTIARTL,5816149.7,4447627.8
BHARTIHEXA,242944.1,124148.0
BHEL,3034684.55,1141374.82
BIGBLOC,80712.2,50426.0
BIKAJI,367889.8,183332.3
BIL,25720.6,18254.2
BIOCON,5504249.1,2338035.3
BIRDYS,57600.0,56400.0
BIRET,218784.0,195997.0
BIRLACORPN,186124.8,103595.8
BIRLAMONEY,120098.2,61484.6
BIRLANU,8557.5,5065.6
BLACKBUCK,423365.4,257460.9
BLAL,46234.1,26798.8
BLBLIMITED,34655.0,18002.8
BLISSGVS,359070.8,163907.3
BLKASHYAP,676854.9,373887.2
BLS,1494682.1,568056.0
BLUEDART,13850.3,6663.5
BLUEJET,1052367.3,439977.3
BLUEPEBBLE,3600.0,2800.0
BLUESTARCO,639556.8,344315.9
BLUEWATER,14000.0,8000.0
BLUSPRING,2446549.2,620154.1
BMETRICS,11200.0,10400.0
BODALCHEM,398329.2,168668.1
BOHRAIND,69413.5,54528.88
BOMDYEING,10656435.3,988221.2
BORANA,281105.1,102758.8
BOROLTD,124990.5,44699.9
BORORENEW,1375473.5,437642.5
BOROSCI,379732.7,91586.4
BOSCHLTD,45498.8,12793.4
BOSS,2000.0,2000.0
BPCL,5569833.1,3355167.6
BPL,65684.4,33917.7
BRACEPORT,1600.0,1600.0
BRIGADE,490676.9,289775.7
BRITANNIA,221633.0,147659.5
BRNL,554961.67,323756.0
BSE,4820077.7,1222417.8
BSE500IETF,85670.2,54344.4
BSHSL,14339.5,7755.7
BSLGOLDETF,97525.4,70681.2
BSLNIFTY,224769.1,131874.5
BSLSENETFG,1063.1,811.6
BSOFT,1174926.4,516147.4
BTML,200097.4,135206.8
BULKCORP,133200.0,62400.0
BUTTERFLY,33931.9,22047.2
BVCL,240710.8,115505.8
C2C,34200.0,33600.0
CALSOFTPP,3659.0,3655.0
CAMPUS,1793172.0,234108.3
CAMS,301876.7,110228.0
CANARYS,48000.0,36000.0
CANBK,26088755.1,12121060.3
CANFINHOME,162762.7,88766.2
CANTABIL,170550.9,82201.6
CAPACITE,326421.4,154957.5
CAPINVIT,88126.0,85256.0
CAPITALSFB,263282.9,140197.1
CAPLIPOINT,50412.8,24688.6
CARBORUNIV,102796.5,57866.5
CARERATING,64559.9,35430.8
CARRARO,110170.7,51488.9
CARTRADE,472425.3,204428.0
CARYSIL,70964.5,35029.4
CASHIETF,187020.5,163052.1
CASTROLIND,4100456.5,1229624.1
CBAZAAR,16000.0,16000.0
CCCL,369159.4,239323.9
CCHHL,217347.9,92454.9
CCL,196824.9,78520.0
CDSL,2502747.4,738480.4
CEATLTD,241826.4,93291.8
CEDAAR,25000.0,25000.0
CEIGALL,511789.3,231834.9
CELEBRITY,187262.2,106514.7
CELLECOR,249000.0,204000.0
CELLO,87094.1,48916.4
CELLPOINT,4800.0,4800.0
CENTENKA,17473.7,9192.8
CENTEXT,918109.2,291926.4
CENTRALBK,7967409.3,3813724.4
CENTUM,12327.9,5936.2
CENTURYPLY,71415.0,54275.2
CERA,65198.2,21554.1
CESC,2549826.7,1243103.4
CEWATER,170273.5,54194.9
CGCL,5039592.0,1984959.5
CGPOWER,2902704.7,1526757.5
CGRAPHICS,30400.0,16800.0
CHALET,253252.7,122337.4
CHAMBLFERT,1076785.4,452553.4
CHAMUNDA,120000.0,117000.0
CHANDAN,36000.0,29600.0
CHAVDA,13000.0,8000.0
CHEMCON,162513.4,54808.6
CHEMFAB,10482.8,4503.4
CHEMPLASTS,138538.5,72412.0
CHENNPETRO,2257819.2,661355.7
CHETANA,4800.0,4800.0
CHEVIOT,1803.3,1310.3
CHOICEIN,867962.9,270029.7
CHOLAFIN,1456681.8,907707.0
CHOLAHLDNG,222093.0,127960.3
CIEINDIA,259548.8,160005.9
CIFL,473791.3,148837.7
CIGNITITEC,64010.5,38076.9
CINELINE,24631.3,16739.4
CIPLA,1415428.0,900665.1
CLEAN,193795.9,78958.2
CLEDUCATE,45736.5,27414.6
CLSEL,152703.1,64552.3
CLSL,16000.0,10000.0
CMNL,85500.0,30000.0
CMRSL,4000.0,4000.0
CMSINFO,327662.9,198704.3
COALINDIA,4628039.0,2807903.1
COASTCORP,68369.3,46009.3
COCHINSHIP,1026343.7,345414.6
COFFEEDAY,3303199.1,1305988.9
COFORGE,1297272.9,717244.4
COHANCE,246087.4,157611.8
COLPAL,763410.1,433086.5
COMMITTED,2400.0,1600.0
COMMOIETF,139501.0,124890.4
COMPUSOFT,77999.2,34203.1
COMSYN,180839.8,55996.9
CONCOR,1000091.0,447640.2
CONCORDBIO,193896.9,95748.4
CONFIPET,493515.7,232643.9
CONS,1894.9,1631.9
CONSOFINVT,6425.5,3806.8
CONSUMBEES,175523.2,135600.6
CONSUMER,65479.3,48550.4
CONSUMIETF,20785.4,12989.1
CONTI,6666.0,3333.0
CONTROLPR,134823.8,49926.6
COOLCAPS,7500.0,5000.0
CORALFINAC,83956.3,36481.4
CORDSCABLE,42287.3,22962.9
COROMANDEL,411055.5,252046.4
COSMOFIRST,54898.0,30283.2
CPCAP,4903.2,2977.2
CPSEETF,920569.4,611555.3
CRAFTSMAN,57415.3,25099.7
CRAYONS,6000.0,4000.0
CREATIVE,26090.1,13783.6
CREDITACC,914048.6,187096.0
CREST,8839.2,6421.6
CRISIL,45410.5,19394.3
CRIZAC,14865064.1,2595274.4
CROMPTON,2216174.7,1314040.2
CROWN,26722.5,15000.0
CSBBANK,366052.5,192922.2
CSLFINANCE,14448.8,8060.3
CUB,1136937.0,634387.2
CUMMINSIND,510739.8,348298.1
CUPID,11043931.6,3367539.2
CYBERMEDIA,22989.3,14108.2
CYIENT,300778.5,174449.3
CYIENTDLM,252400.1,117697.4
DABUR,1945593.9,1211319.2
DALBHARAT,441794.1,197522.4
DALMIASUG,100235.4,52847.8
DAMCAPITAL,432704.7,188475.4
DAMODARIND,10311.4,4802.4
DANISH,31050.0,18750.0
DATAMATICS,1160090.4,207214.0
DATAPATTNS,225548.5,72689.8
DAVANGERE,1321236.0,789358.8
DBCORP,212753.3,63807.5
DBEIL,44701.7,21962.2
DBL,97775.5,44916.5
DBOL,219636.38,118807.62
DBREALTY,3848130.67,1771993.17
DBSTOCKBRO,58194.4,28396.8
DCBBANK,1602991.5,964697.2
DCCL,36000.0,32000.0
DCG,67200.0,38400.0
DCI,9667.9,5035.4
DCM,271040.9,79114.1
DCMNVL,19230.4,12126.5
DCMSHRIRAM,222121.8,52787.9
DCMSRIND,97753.3,59480.6
DCW,918942.4,443171.4
DCXINDIA,566695.6,264399.4
DDEVPLSTIK,799367.2,237802.9
DECCANCE,281073.3,100117.2
DECCANTRAN,14400.0,10800.0
DEEDEV,82823.6,39623.3
DEEM,13000.0,10000.0
DEEPAKFERT,355451.6,105176.9
DEEPAKNTR,80785.4,40438.6
DEEPINDS,172002.1,82572.6
DELAPLEX,28800.0,22200.0
DELHIVERY,2560021.6,1336262.7
DELTACORP,1117667.6,544720.3
DELTIC,92000.0,84000.0
DEN,2096085.2,654891.1
DENEERS,8400.0,5400.0
DENORA,7431.7,4192.0
DENTA,1897950.9,355888.6
DENTALKART,29000.0,24750.0
DESTINY,3000.0,3000.0
DEVIT,51387.6,25139.8
DEVYANI,3422739.0,2325844.8
DGCONTENT,21089.0,16547.0
DHAMPURSUG,96826.1,44616.7
DHANBANK,1435109.7,550998.6
DHANI,2424280.6,903259.9
DHANLAXMI,22000.0,14000.0
DHANUKA,79859.4,35277.3
DHARIWAL,7200.0,6000.0
DHUNINV,1784.1,1056.3
DIACABS,4112929.9,1495544.6
DIAMINESQ,9965.8,6972.5
DIAMONDYD,29691.3,17208.9
DICIND,1752.7,1102.1
DIFFNKG,854243.9,235788.3
DIGIDRIVE,26033.6,16006.8
DIGIKORE,5600.0,4400.0
DIGISPICE,117848.8,48880.6
DIGITIDE,2262580.1,626129.3
DISHTV,5450660.0,3112491.33
DIVGIITTS,9150.9,5593.6
DIVINEHIRA,11200.0,9600.0
DIVISLAB,295622.1,169167.4
DIVOPPBEES,52937.8,38742.0
DIXON,405300.1,124231.3
DJML,24321.1,15914.3
DKEGL,7500.0,7500.0
DLF,2530189.9,1282877.1
DLINKINDIA,202237.7,88702.5
DMART,792018.1,467661.0
DMCC,324906.3,123950.6
DNAMEDIA,168061.4,58524.8
DODLA,173020.1,106676.2
DOLATALGO,214384.4,109723.7
DOLLAR,99303.1,52373.3
DOLLEX,16000.0,16000.0
DOLPHIN,5952.7,3814.8
DOMS,81896.7,43512.2
DONEAR,53533.7,30606.0
DPABHUSHAN,49048.2,19033.8
DPSCLTD,262855.7,155537.1
DPWIRES,10694.2,5710.4
DREAMFOLKS,1595057.0,476044.0
DREDGECORP,33148.2,15135.5
DRONE,20000.0,14500.0
DRREDDY,1037857.5,579709.9
DSSL,30196.4,13480.4
DTIL,11011.6,6080.2
DTL,12000.0,4800.0
DUCOL,4000.0,3200.0
DUCON,383514.6,254618.7
DUGLOBAL,25000.0,15000.0
DURLAX,30000.0,26000.0
DVL,20797.9,11497.7
DWARKESH,343688.4,176481.5
DYCL,427287.7,155449.2
DYNAMATECH,9846.8,5690.1
DYNAMIC,26500.0,23500.0
DYNPRO,120080.1,40796.8
E2E,49753.1,28674.2
EASEMYTRIP,13575146.0,4688204.2
EBANKNIFTY,881.3,775.0
EBBETF0430,23656.8,20624.6
EBBETF0431,16069.1,14094.3
EBBETF0433,3641.4,3180.7
ECAPINSURE,54233.4,41742.3
ECLERX,65326.7,31886.7
ECOSMOBLTY,670397.0,172962.1
EDELWEISS,6306173.3,2618419.3
EEPL,67000.0,53000.0
EFACTOR,3200.0,3200.0
EFFWA,18400.0,18400.0
EFORCE,9600.0,9600.0
EGOLD,191088.5,188109.6
EICHERMOT,385662.7,272812.6
EIDPARRY,268563.2,97954.8
EIEL,21156440.6,2875908.8
EIHAHOTELS,27420.1,14092.3
EIHOTEL,315613.4,161408.1
EIMCOELECO,29752.9,9634.0
EKC,229170.3,106289.6
ELDEHSG,820.8,537.0
ELECON,1176251.4,368871.9
ELECTCAST,1987188.2,924074.2
ELECTHERM,13456.4,8647.2
ELGIEQUIP,1241652.5,437370.1
ELGNZ,99000.0,75000.0
ELLEN,1210232.2,396977.8
EMAMILTD,532081.4,331967.0
EMAMIPAP,33002.2,17245.3
EMAPARTNER,26000.0,12000.0
EMBASSY,619749.0,519123.0
EMBDL,3648500.5,1395083.1
EMCURE,253553.9,148794.1
EMIL,827314.8,322121.7
EMKAY,27878.12,16942.0
EMKAYTOOLS,10950.0,10050.0
EMMBI,22081.3,12342.1
EMMIL,9500.0,8250.0
EMSLIMITED,374867.0,134511.8
EMUDHRA,105199.5,46014.7
EMULTIMQ,38540.8,32111.0
ENDURANCE,74490.0,38423.4
ENFUSE,15000.0,9000.0
ENGINERSIN,3233010.6,1305525.2
ENIL,16674.3,9529.2
ENRIN,690538.2,406326.6
ENSER,125000.0,120000.0
ENTERO,73216.4,44554.0
ENVIRO,42000.0,32000.0
EPACK,788863.4,410162.1
EPIGRAL,69670.5,39942.1
EPL,322975.1,166418.8
EQUAL200,52920.4,49247.5
EQUAL50,276.9,261.4
EQUAL50ADD,5860.7,3305.3
EQUITASBNK,4251432.0,2459327.3
ERIS,80567.3,46434.1
ESABINDIA,6279.2,3114.3
ESAFSFB,528707.4,220912.0
ESCONET,11600.0,11600.0
ESCORTS,88412.1,38552.5
ESFL,16200.0,13680.0
ESG,22013.2,18545.8
ESILVER,158471.7,151690.1
ESPRIT,4800.0,4800.0
ESSENTIA,1592317.5,1024086.0
ESTER,147016.6,74674.1
ETERNAL,57365520.0,24778486.9
ETHOSLTD,29834.2,21945.6
ETL,1200.0,1200.0
ETML,1483.0,1471.0
EUREKAFORB,127485.22,83395.56
EUROTEXIND,3219.44,2200.33
EVEREADY,465541.56,203280.67
EVIETF,58259.78,41844.22
EVINDIA,278200.44,178949.56
EXCEL,8732327.29,5425140.86
EXCELINDUS,16950.11,9079.22
EXICOM,260293.78,100527.11
EXIDEIND,1778944.11,675308.44
EXPLEOSOL,17018.11,9233.22
FACT,1128834.0,89437.44
FAIRCHEMOR,6667.11,3729.0
FAZE3Q,164983.78,44078.89
FCL,354023.11,123457.67
FCSSOFT,2164192.89,1010571.89
FDC,124801.0,57329.89
FEDERALBNK,5328272.33,2899311.67
FEDFINA,954307.22,503697.78
FIBERWEB,92751.67,60722.56
FIEMIND,85306.22,34464.44
FILATEX,1231943.56,483094.78
FILATFASH,49913847.0,19516947.0
FINCABLES,165033.56,93552.67
FINEORG,23541.0,10826.44
FINIETF,584643.22,481749.67
FINOPB,718422.78,194463.0
FINPIPE,821761.89,393197.78
FIRSTCRY,945363.0,281393.22
FISCHER,112378.56,30902.56
FIVESTAR,565434.67,305387.56
FLAIR,477976.89,183688.11
FLUOROCHEM,114471.22,74627.44
FMCGIETF,1170783.67,872502.44
FMGOETZE,86424.11,38103.56
FORCEMOT,135817.78,29828.11
FORTIS,1661729.44,934446.44
FOSECOIND,2454.67,1207.78
FSL,702944.0,294278.67
FUSION,380252.33,158754.33
GABRIEL,804533.11,299925.0
GAEL,402546.22,217763.11
GAIL,9585025.33,5787433.67
GALAPREC,37242.78,16414.89
GALAXYSURF,12275.33,6734.0
GALLANTT,505611.78,99606.78
GANDHAR,110384.67,59407.44
GANDHITUBE,5089.22,2995.44
GANECOS,72778.89,41965.67
GANESHBE,159991.67,100097.89
GANESHHOUC,121148.78,57588.56
GANGAFORGE,347238.78,216856.67
GANGESSECU,3773.67,1543.78
GARFIBRES,82097.89,53482.89
GARUDA,8779576.56,1464202.78
GATEWAY,1120646.78,595601.89
GEECEE,3751.78,2148.56
GEEKAYWIRE,64420.78,38366.67
GENESYS,218517.11,111207.78
GENUSPAPER,185935.78,103166.44
GENUSPOWER,1049952.33,559473.22
GEOJITFSL,962947.0,513585.89
GEPIL,339526.44,133558.11
GESHIP,251702.22,129097.67
GFLLIMITED,39124.22,23568.78
GHCL,163490.44,84122.0
GHCLTEXTIL,108782.67,64264.22
GICHSGFIN,244594.67,139195.78
GICRE,707385.11,421648.11
GILLANDERS,19548.89,11108.56
GILLETTE,42967.33,13368.67
GILT5YBEES,378008.11,328321.56
GIPCL,359471.78,170048.56
GKWLIMITED,361.67,248.78
GLAND,704380.67,483433.44
GLAXO,53811.22,30494.56
GLENMARK,3749265.33,1342456.11
GLOBALVECT,20469.78,11145.0
GLOBE,707393.89,476023.67
GLOBECIVIL,2582425.5,980267.67
GLOBUSSPR,186011.67,87460.0
GLOSTERLTD,2282.33,1385.44
GMBREW,61327.44,19616.11
GMDCLTD,6034392.11,1068315.33
GMMPFAUDLR,43431.33,24291.44
GMRAIRPORT,9742029.78,5548234.11
GMRP&UI,1613901.78,825191.44
GNA,45362.0,28630.67
GNFC,232132.78,111523.11
GOACARBON,22239.11,9376.33
GOCLCORP,107678.22,50751.78
GOCOLORS,94033.33,78651.44
GODFRYPHLP,294323.44,64469.78
GODHA,89635120.0,27863536.0
GODIGIT,934679.67,701840.22
GODREJAGRO,346009.11,140182.11
GODREJCP,764034.56,495464.89
GODREJIND,192288.22,55596.0
GODREJPROP,802035.89,430738.33
GOKEX,173500.67,82103.44
GOKUL,33977.78,20844.11
GOKULAGRO,309856.89,112374.11
GOLD1,636396.33,502210.0
GOLD360,10164.33,9476.22
GOLDBEES,10608918.78,6532229.44
GOLDCASE,1753112.44,1162134.56
GOLDETF,302250.22,194133.22
GOLDETFADD,241363.11,228384.22
GOLDIAM,487867.67,169748.11
GOLDIETF,1874026.11,1299069.33
GOLDSHARE,256705.33,198805.11
GOLDTECH,30253.89,17798.22
GOODLUCK,178957.56,75648.33
GOPAL,151164.89,88219.11
GOYALALUM,77602.33,57447.22
GPIL,1836838.67,646670.67
GPPL,1139716.89,599850.56
GPTHEALTH,837041.44,322208.22
GPTINFRA,586486.11,151935.33
GRANULES,938798.22,347983.11
GRAPHITE,1217508.44,396612.67
GRASIM,818840.89,591167.33
GRAVITA,163519.33,86608.33
GREAVESCOT,1550259.89,523622.11
GREENLAM,91907.67,35379.11
GREENPANEL,627143.11,333816.11
GREENPLY,251072.44,128330.67
GREENPOWER,7227313.33,2303869.56
GRINDWELL,40041.89,27245.33
GRINFRA,15495.78,7253.44
GRMOVER,623619.67,181869.22
GROWWDEFNC,377570.0,255756.89
GROWWEV,229074.22,170862.0
GROWWGOLD,123702.11,69013.89
GROWWLIQID,126160.67,88099.33
GROWWLOVOL,61794.89,44810.44
GROWWMOM50,216086.0,126067.33
GROWWN200,155545.44,111227.89
GROWWNET,992727.67,579437.89
GROWWNIFTY,437401.0,295579.5
GROWWRAIL,241610.67,154629.22
GROWWSLVR,192669.33,132659.44
GRPLTD,3449.89,2091.67
GRSE,1014155.11,318642.22
GRWRHITECH,31571.33,17366.67
GSEC10ABSL,1936.25,1663.12
GSEC10IETF,1936.0,1499.44
GSEC10YEAR,3447.33,2583.67
GSEC5IETF,8268.33,5670.67
GSFC,736533.44,334878.56
GSLSU,568708.0,147922.11
GSPL,725040.11,289707.44
GSS,122782.22,66018.67
GTL,414672.22,248768.44
GTLINFRA,92914083.56,35628406.33
GTPL,227301.11,58649.89
GUFICBIO,54794.33,28678.44
GUJALKALI,116410.78,82080.33
GUJAPOLLO,74407.44,35709.44
GUJGASLTD,210390.67,95948.22
GUJRAFFIA,4368.33,3134.67
GUJTHEM,157854.11,79807.11
GULFOILLUB,64715.78,38134.0
GULFPETRO,71600.44,40640.44
GULPOLY,131842.67,69263.22
GVPTECH,108791.56,71820.33
GVT&D,494294.44,357873.78
HAL,929552.22,435858.33
HAPPSTMNDS,192551.22,81282.89
HAPPYFORGE,28316.56,20781.0
HARIOMPIPE,571853.44,189996.67
HARRMALAYA,15346.89,9678.0
HARSHA,92761.78,30447.0
HATHWAY,17154484.0,2983784.67
HATSUN,218685.22,46297.56
HAVELLS,1551945.78,853460.44
HBLENGINE,639527.44,242634.67
HCG,122258.56,69922.56
HCLTECH,4839122.44,3248491.56
HDBFS,2880075.78,1735725.67
HDFCAMC,616475.67,349864.33
HDFCBANK,8246601.56,5211984.22
HDFCBSE500,24505.33,13149.56
HDFCGOLD,1843949.44,1311056.56
HDFCGROWTH,13318.22,10450.33
HDFCLIFE,3235607.22,1821296.67
HDFCLIQUID,8684.56,5998.33
HDFCLOWVOL,22355.22,14800.67
HDFCMID150,246843.44,138616.33
HDFCMOMENT,209801.33,138150.33
HDFCNEXT50,57045.44,35172.0
HDFCNIF100,61468.89,45698.33
HDFCNIFBAN,284922.44,251301.78
HDFCNIFIT,99066.67,65681.0
HDFCNIFTY,87835.44,78393.11
HDFCPSUBK,99377.11,91167.22
HDFCPVTBAN,59528.33,37190.89
HDFCQUAL,19762.0,14570.44
HDFCSENSEX,21632.44,16043.33
HDFCSILVER,1595782.89,1100302.78
HDFCSML250,806352.33,558516.89
HDFCVALUE,10363.56,9329.89
HEADSUP,38333.22,22723.56
HEALTHADD,1268.56,1055.11
HEALTHIETF,58095.67,36366.22
HEALTHY,142173.78,106269.56
HEG,1482716.22,453274.56
HEIDELBERG,342227.56,150776.44
HEMIPROP,245327.78,124096.44
HERANBA,131706.44,56520.44
HERITGFOOD,500443.67,232956.0
HEROMOTOCO,587958.67,260253.78
HESTERBIO,6132.0,2805.78
HEUBACHIND,43958.89,21250.78
HEXATRADEX,4912.67,3367.67
HEXT,780006.11,574655.33
HFCL,6104178.33,1976491.22
HGINFRA,152391.33,68982.33
HGS,150652.22,32401.56
HIKAL,224894.44,124207.67
HIMATSEIDE,490151.67,237116.44
HINDALCO,4235603.0,2335133.22
HINDCOMPOS,4717.56,2731.33
HINDCON,37274.22,21986.89
HINDCOPPER,3444092.0,1291450.67
HINDOILEXP,406204.78,219214.33
HINDPETRO,4208003.78,2401435.78
HINDUNILVR,1985352.89,1306349.22
HINDWAREAP,51833.67,28840.89
HINDZINC,2546464.78,1195682.0
HIRECT,39337.22,19104.44
HISARMETAL,15768.44,7211.67
HITECH,1123815.0,563510.67
HITECHCORP,14400.78,9892.11
HLEGLAS,95068.33,48050.33
HLVLTD,655363.22,296024.11
HMAAGRO,242686.67,122638.0
HMVL,26556.78,19475.56
HNDFDS,68974.78,37274.56
HNGSNGBEES,256297.33,169516.78
HOMEFIRST,513778.89,144583.44
HONASA,333441.78,179053.0
HONAUT,3127.78,1952.78
HONDAPOWER,25584.11,6574.89
HPAL,251314.0,150940.0
HPIL,2190.0,821.33
HPL,714439.56,243590.22
HSCL,2124894.33,655129.22
HUBTOWN,1810089.56,817016.44
HUDCO,3127035.0,1032827.44
HUHTAMAKI,287240.0,116779.67
HYUNDAI,476021.33,291794.44
ICEMAKE,22166.89,12456.22
ICICIB22,249066.89,161516.11
ICICIBANK,8909950.22,6207680.11
ICICIGI,814315.78,419559.56
ICICIPRULI,2061218.56,1091320.89
ICIL,354556.56,176342.11
ICRA,6014.67,3732.33
IDBI,7766471.89,3054623.44
IDEA,411794277.33,103183531.33
IDEAFORGE,313885.0,127131.0
IDFCFIRSTB,21110404.67,9784083.11
IDFNIFTYET,670.33,362.11
IEX,5687914.67,2327560.67
IFBIND,34077.44,18451.67
IFCI,7847567.33,2519030.56
IFGLEXPOR,37402.44,18579.44
IGARASHI,148853.33,43675.78
IGCL,2267010.0,1013155.25
IGIL,519731.22,243926.22
IGL,2585454.67,1199156.67
IGPL,33737.0,16256.89
IIFL,1583237.0,826336.33
IIFLCAPS,254698.56,123361.0
IKIO,51882.89,28754.0
IKS,173992.78,101163.56
IMAGICAA,814923.89,426752.56
IMFA,100035.78,49343.56
IMPAL,3976.0,2776.67
INDBANK,24982.89,14641.44
INDGN,386701.33,204481.11
INDHOTEL,2579577.56,1527012.11
INDIACEM,1078086.0,268344.44
INDIAGLYCO,150711.33,73602.56
INDIAMART,235428.56,155860.22
INDIANB,1537713.44,824052.78
INDIANCARD,6221.0,3479.78
INDIANHUME,60594.78,22862.11
INDIASHLTR,257053.78,129546.78
INDIGO,844575.33,550687.78
INDIGOPNTS,25851.89,16970.56
INDNIPPON,32410.78,18497.22
INDOAMIN,96178.78,39455.22
INDOBORAX,187900.44,90666.33
INDOCO,115726.56,70137.11
INDOFARM,254070.67,160415.67
INDOSTAR,242041.11,137938.22
INDOTECH,11048.22,7025.78
INDOUS,72145.22,37073.22
INDOWIND,181025.44,101326.89
INDRAMEDCO,168453.11,77901.44
INDSWFTLAB,834581.0,456524.0
INDSWFTLTD,412568.56,155576.33
INDTERRAIN,113910.44,45410.56
INDUSINDBK,4185999.11,1402802.0
INDUSTOWER,4071251.33,2507096.89
INFIBEAM,13868419.78,5765310.44
INFOBEAN,225060.67,59365.89
INFRABEES,7123.78,4211.56
INFRAIETF,2322851.0,2273944.0
INFY,7477766.67,4911190.33
INGERRAND,16727.56,8979.0
INNOVACAP,49265.33,23866.67
INNOVANA,53853.11,27216.89
INOXINDIA,72963.89,38743.56
INOXWIND,6821098.89,2671072.0
INSECTICID,56823.0,24588.89
INTELLECT,306540.56,146386.56
INTENTECH,46933.22,34576.67
INTERNET,290743.78,182866.67
INTLCONV,326635.89,147163.33
INVENTURE,1172265.22,800287.44
IOB,6458360.11,2250701.78
IOC,8682621.0,4689871.67
IOLCP,1860863.56,699035.0
IONEXCHANG,407780.67,163703.22
IPCALAB,172851.11,109955.89
IPL,473146.1,167978.3
IRB,7268225.2,3057270.3
IRCON,3549243.6,930684.5
IRCTC,501820.0,219616.1
IREDA,11028806.4,3817830.5
IRFC,12780779.3,3563312.0
IRIS,135320.0,84316.0
IRMENERGY,31916.0,16716.8
ISFT,20405.8,13449.9
ISGEC,34186.0,18909.6
IT,790550.3,746511.0
ITBEES,7845460.3,4868097.4
ITC,8086880.9,5540028.4
ITCHOTELS,9283910.5,3496053.3
ITDC,16183.7,6801.1
ITDCEM,356289.6,154045.8
ITETF,556558.4,426347.2
ITETFADD,50423.5,39799.6
ITI,219486.8,85121.7
ITIETF,1123558.8,875795.5
IVC,225568.6,138331.9
IVP,10562.7,5459.7
IVZINGOLD,437.5,305.9
IVZINNIFTY,47.1,35.3
IXIGO,18009354.6,3466512.1
IZMO,43048.0,23719.4
J&KBANK,3614501.0,1710884.6
JAGRAN,247647.0,154053.8
JAGSNPHARM,347013.0,114385.2
JAIBALAJI,1078757.5,406679.2
JAICORPLTD,432864.0,171400.2
JAIPURKURT,11031.5,6577.4
JAMNAAUTO,987608.6,474850.2
JASH,221864.7,81817.0
JAYAGROGN,18786.6,8218.8
JAYBARMARU,37887.1,21561.9
JAYNECOIND,16005731.2,6687017.2
JAYSREETEA,71915.1,35980.5
JBCHEPHARM,481728.0,367913.7
JBMA,385066.3,97435.4
JCHAC,26783.8,14165.1
JETFREIGHT,70139.3,43997.4
JGCHEM,1093447.3,253858.8
JHS,83260.3,54494.6
JINDALPOLY,35320.5,16592.0
JINDALSAW,938540.6,439951.3
JINDALSTEL,1518572.8,671774.5
JINDRILL,117143.6,52023.5
JINDWORLD,3208789.5,1103816.8
JIOFIN,15774986.3,7020002.2
JISLDVREQS,21999.3,11053.1
JISLJALEQS,2050274.4,1013895.5
JITFINFRA,25169.1,14672.2
JKCEMENT,108118.8,53800.9
JKIL,156977.7,80398.3
JKLAKSHMI,309639.7,165890.6
JKPAPER,360163.8,144045.4
JKTYRE,500151.5,210086.2
JLHL,54872.7,49041.7
JMA,9200.6,5119.7
JMFINANCIL,6365952.6,1948712.5
JNKINDIA,155434.5,97703.7
JOCIL,3315.6,1897.8
JPOLYINVST,3506.6,2099.1
JPPOWER,332728575.7,78325728.7
JSFB,190288.0,105962.5
JSL,671115.6,296139.4
JSWENERGY,3603378.0,1477001.9
JSWINFRA,2811801.6,1406111.0
JSWSTEEL,1380324.4,675532.2
JTEKTINDIA,421025.6,216895.3
JTLIND,4424184.4,1724864.1
JUBLCPL,11113.6,5334.6
JUBLFOOD,693380.1,386936.8
JUBLINGREA,389751.8,187418.6
JUBLPHARMA,268402.0,154519.0
JUNIORBEES,253805.2,165967.5
JUNIPER,79026.4,47002.5
JUSTDIAL,398750.0,152360.7
JWL,560565.4,226204.8
JYOTHYLAB,375284.3,199208.5
JYOTICNC,407851.2,199376.8
JYOTISTRUC,13752158.8,5914355.0
KABRAEXTRU,63316.5,39901.38
KAJARIACER,750346.8,522759.2
KAKATCEM,15522.6,7931.7
KALAMANDIR,1041065.6,459017.1
KALPATARU,458863.3,221405.4
KALYANIFRG,1967.3,1311.5
KALYANKJIL,3481050.3,1228234.1
KAMATHOTEL,61027.8,28585.3
KAMDHENU,757183.7,371650.1
KANANIIND,156432.1,108371.4
KANORICHEM,13452.9,8742.7
KANSAINER,125705.2,80303.8
KAPSTON,4279.2,2948.1
KARURVYSYA,2300971.0,1271157.4
KAUSHALYA,1780.2,528.1
KAYNES,245397.3,84656.0
KCP,478254.0,234933.3
KCPSUGIND,94958.2,61061.5
KDDL,17263.2,7743.0
KEC,394235.0,186159.8
KECL,137253.2,65374.5
KEI,424483.7,166856.7
KELLTONTEC,1211009.6,429457.6
KFINTECH,557162.1,233077.9
KHADIM,63831.2,35881.0
KHANDSE,147209.1,41368.6
KICL,2362.7,1326.7
KIMS,711651.0,352341.4
KINGFA,8188.6,3383.0
KIOCL,1196129.2,99265.7
KIRIINDUS,241904.2,104650.3
KIRLOSBROS,199841.8,45383.7
KIRLOSENG,1332172.5,233892.2
KIRLOSIND,20132.3,5308.6
KIRLPNU,273675.1,125385.7
KITEX,465398.25,265688.5
KKCL,59749.4,24302.6
KMEW,87060.5,27847.8
KMSUGAR,92995.7,66556.0
KNRCON,937578.9,498955.9
KOHINOOR,86749.1,32376.3
KOKUYOCMLN,195509.4,55303.6
KOLTEPATIL,116245.5,53210.0
KOPRAN,195713.7,99202.5
KOTAKBANK,2698646.8,1982425.5
KOTARISUG,30894.0,19457.7
KOTHARIPET,52403.7,27433.3
KOTHARIPRO,13307.1,8985.9
KPEL,544096.2,214530.0
KPIGREEN,1071524.6,471051.7
KPIL,280763.5,159803.9
KPITTECH,613014.0,285508.7
KPRMILL,358995.6,167890.4
KRBL,858941.7,316829.4
KRISHANA,257703.8,116630.5
KRITIKA,159068.8,114036.8
KRITINUT,18288.9,11843.0
KRN,571564.4,170502.1
KRONOX,141158.7,59366.0
KROSS,134322.6,64177.1
KRSNAA,103332.1,46717.5
KSB,172195.6,101072.4
KSCL,149129.8,64635.9
KSHITIJPOL,162646.9,123409.4
KSL,67982.1,23632.7
KSOLVES,244648.5,60330.6
KTKBANK,778245.9,459468.2
KUANTUM,70133.3,40299.0
LAGNAM,21614.8,11517.5
LALPATHLAB,135585.5,80161.4
LAMBODHARA,9486.4,5114.2
LANCORHOL,114867.7,63941.5
LANDMARK,71059.0,31789.9
LAOPALA,103346.7,56782.7
LATENTVIEW,862531.0,199866.2
LATTEYS,101985.4,62216.3
LAURUSLABS,1746843.6,636017.6
LAXMICOT,44543.6,14635.8
LAXMIDENTL,438937.4,152156.5
LEMONTREE,5518468.4,2196141.9
LEXUS,6937.29,5595.14
LFIC,3502.6,2121.7
LGBBROSLTD,28514.5,17104.6
LGHL,59523.1,6872.8
LIBAS,30742.8,23017.4
LICHSGFIN,2002100.6,1052691.9
LICI,665656.8,286728.4
LICMFGOLD,2507.9,2125.5
LICNETFGSC,33913.7,29065.3
LICNETFN50,2052.1,1876.4
LICNETFSEN,85.67,79.11
LICNFNHGP,778.8,638.1
LICNMID100,9405.3,6013.2
LIKHITHA,48871.6,24497.4
LINCOLN,26383.6,15940.0
LINDEINDIA,14956.1,7613.4
LIQUID,111171.2,56303.9
LIQUID1,264239.1,182053.3
LIQUIDADD,616325.3,417894.8
LIQUIDBEES,2442184.7,2020078.2
LIQUIDBETF,219838.4,181527.5
LIQUIDCASE,6517492.7,5152949.5
LIQUIDETF,183897.4,154643.4
LIQUIDIETF,741384.4,517526.0
LIQUIDPLUS,86274.0,74152.1
LIQUIDSBI,6339.0,5339.8
LIQUIDSHRI,17265.4,14454.9
LLOYDSENGG,10162089.0,2875812.7
LLOYDSENT,4288774.1,1757429.2
LLOYDSME,292346.7,134372.4
LMW,7313.2,3818.7
LODHA,2408049.6,1474421.4
LOKESHMACH,138881.3,52000.7
LORDSCHLO,329134.3,179329.9
LOTUSEYE,22765.6,13449.7
LOVABLE,33111.0,17840.0
LOWVOL,4214.3,2521.8
LOWVOL1,128319.8,104862.2
LOWVOLIETF,1396027.5,1184355.4
LOYALTEX,4931.6,3120.0
LPDC,30701.3,18255.5
LT,1605103.5,1170011.1
LTF,10498946.8,4288373.2
LTFOODS,1041548.4,360017.7
LTGILTBEES,2517355.2,2109872.0
LTIM,348863.7,149784.0
LTTS,117681.6,51776.3
LUMAXIND,32694.0,8424.3
LUMAXTECH,78050.3,49068.5
LUPIN,1008886.8,673691.0
LUXIND,22777.9,11419.0
LXCHEM,518511.3,236867.7
LYKALABS,26262.4,16680.9
M&M,2517934.1,1547305.0
M&MFIN,2688907.9,1414195.7
MADHAV,11135.1,5345.3
MADRASFERT,184114.0,56416.8
MAFANG,238654.8,225562.8
MAGADSUGAR,14816.1,8456.2
MAGNUM,97652.9,62811.2
MAHABANK,11032572.5,4615247.0
MAHAPEXLTD,9748.0,4952.4
MAHEPC,291007.9,116269.0
MAHESHWARI,20834.9,14255.8
MAHKTECH,2541066.5,1654271.3
MAHLIFE,284798.2,151386.2
MAHLOG,468207.4,235376.9
MAHSCOOTER,5860.1,2231.2
MAHSEAMLES,296473.7,109492.7
MAITHANALL,31819.2,15137.8
MAKEINDIA,20017.5,18128.1
MALLCOM,15699.2,8122.6
MALUPAPER,27663.7,11488.2
MAMATA,6056596.6,767270.3
MANAKALUCO,454149.1,130378.7
MANAKCOAT,298253.7,160911.9
MANAKSIA,237413.8,68411.8
MANAKSTEEL,86915.67,53009.33
MANALIPETC,3199121.7,550345.2
MANAPPURAM,3254364.7,1837328.6
MANBA,41886.3,26642.6
MANCREDIT,38446.2,8298.7
MANGALAM,52028.5,24868.6
MANGCHEFER,559734.3,295323.2
MANGLMCEM,32650.6,18117.8
MANINDS,366203.7,189171.1
MANINFRA,568668.7,264155.0
MANKIND,942686.4,461898.6
MANOMAY,3002.8,1786.9
MANORAMA,166514.4,72908.2
MANYAVAR,160217.5,102856.6
MAPMYINDIA,136902.5,92086.0
MARALOVER,16841.0,8391.7
MARATHON,341682.1,180704.3
MARICO,1332651.1,817233.6
MARKSANS,922735.5,443520.3
MARUTI,212669.1,115890.0
MASFIN,420576.0,142233.6
MASPTOP50,572991.7,359824.6
MASTEK,629219.9,78692.2
MASTERTR,284894.3,74552.0
MATRIMONY,12340.1,8327.8
MAWANASUG,60957.3,36633.6
MAXESTATES,238667.3,121364.5
MAXHEALTH,1683412.2,1086301.5
MAXIND,203246.3,62457.4
MAYURUNIQ,76240.2,42517.2
MAZDA,152453.7,48874.5
MAZDOCK,1204383.2,325528.8
MBAPL,378169.2,116695.8
MBLINFRA,359933.4,108982.3
MCL,43716.7,27042.4
MCLEODRUSS,2595357.3,1296793.1
MCLOUD,21054952.2,4060127.9
MCX,488545.4,194105.1
MEDANTA,258220.7,128528.2
MEDIASSIST,406736.1,248285.1
MEDICAMEQ,34302.4,18568.9
MEDICO,142086.8,86848.4
MEDPLUS,100199.8,57004.0
MEGASTAR,8832.8,5412.1
MENONBE,30466.5,18426.0
METAL,439964.0,291250.5
METALIETF,2212075.5,1270452.8
METROBRAND,52222.8,30712.5
METROPOLIS,340624.4,62083.2
MFSL,888408.8,536820.5
MGEL,3235094.6,1555806.7
MGL,593743.2,211013.0
MHLXMIRU,9639.7,3309.8
MHRIL,217878.8,67740.2
MICEL,1032194.5,489190.1
MID150,25750.8,14157.5
MID150BEES,502328.9,315437.4
MID150CASE,868815.6,521452.5
MIDCAP,43810.1,19836.6
MIDCAPETF,3259192.4,2916976.9
MIDCAPIETF,903506.8,615886.7
MIDHANI,2203937.7,309456.6
MIDQ50ADD,4390.9,2640.4
MIDSELIETF,161305.8,114132.2
MIDSMALL,206265.4,171013.0
MINDACORP,298458.0,146425.7
MIRCELECTR,3247565.1,1117573.6
MIRZAINT,128870.5,67879.9
MITCON,10658.3,6763.6
MITTAL,1083582.8,638577.2
MMFL,49136.0,30442.8
MMP,25515.8,14551.8
MMTC,1104783.0,428275.1
MNC,63636.1,49519.9
MOALPHA50,10786.1,5585.7
MOBIKWIK,2679111.5,783333.3
MOCAPITAL,532420.1,354234.9
MODEFENCE,2519078.7,1555197.7
MODISONLTD,184265.7,79362.7
MODTHREAD,4810.0,3524.4
MOGSEC,79978.5,79229.8
MOHEALTH,38461.5,28021.1
MOHITIND,20115.3,11793.1
MOIL,601959.3,227457.4
MOINFRA,2366.8,1179.1
MOKSH,746761.2,458322.7
MOL,1183012.4,548268.0
MOLDTECH,45869.3,22367.0
MOLDTKPAC,66020.8,41389.5
MOLOWVOL,29470.0,28093.8
MOM100,297069.4,185845.5
MOM30IETF,856691.6,583544.4
MOM50,3790.0,3343.5
MOMENTUM,57340.9,43170.4
MOMENTUM50,413284.2,309605.0
MOMGF,141.3,139.8
MOMIDMTM,22806.5,19585.1
MOMOMENTUM,88597.2,56940.2
MON100,480491.4,318224.8
MON50EQUAL,1399.7,1287.9
MONARCH,341917.0,152704.4
MONEXT50,1102.7,821.3
MONIFTY500,383127.6,318862.8
MONQ50,117392.3,81465.1
MONTECARLO,26134.8,14788.2
MOPSE,383.75,381.62
MOQUALITY,1324.1,1075.3
MOREALTY,369223.6,241966.1
MOREPENLAB,2066577.3,718318.1
MOSCHIP,382855.5,168719.6
MOSMALL250,988817.7,610748.2
MOTHERSON,11169642.8,6041670.2
MOTILALOFS,896729.9,326007.5
MOTISONS,4770131.3,1513380.2
MOTOGENFIN,55422.4,18927.9
MOTOUR,3574.9,3235.4
MOVALUE,50492.2,35486.5
MPHASIS,321386.8,166109.9
MPSLTD,67969.8,24672.1
MRF,7768.7,2796.3
MRPL,7406624.7,1724604.5
MSCIINDIA,10822.8,9903.6
MSPL,1180767.6,625879.4
MSTCLTD,111469.8,51416.7
MSUMI,6966985.6,4054592.3
MTARTECH,47963.4,22231.5
MTNL,5625694.2,1292777.8
MUFIN,637850.1,263423.5
MUFTI,100001.9,58327.7
MUKANDLTD,131829.2,65914.9
MUKKA,259087.6,152818.0
MUKTAARTS,7755.1,4900.7
MULTICAP,115091.4,95315.8
MUNJALAU,118713.1,52412.1
MUNJALSHOW,135770.4,60011.3
MURUDCERA,51523.4,30201.9
MUTHOOTCAP,58003.0,22742.9
MUTHOOTFIN,302436.6,146897.8
MUTHOOTMF,493792.3,174575.0
MVGJL,200256.1,87525.3
NAGAFERT,950307.0,680763.0
NAGREEKCAP,3817.9,2366.1
NAGREEKEXP,10178.6,7349.9
NAHARSPING,23996.2,14849.8
NAM-INDIA,1123349.5,666219.8
NARMADA,599727.5,259943.2
NATCAPSUQ,4303.8,2470.1
NATCOPHARM,1488966.6,535862.9
NATHBIOGEN,113538.0,86128.0
NATIONALUM,7502957.0,2667034.2
NAUKRI,1865882.4,1147467.0
NAVA,546264.1,202239.8
NAVINFLUOR,74681.2,31214.0
NAVKARCORP,2494267.2,659612.2
NAVNETEDUL,196788.3,113356.8
NAZARA,753602.8,238342.5
NBCC,7323932.7,3010375.7
NBIFIN,1180.1,985.1
NCC,2672807.6,898100.7
NCLIND,276236.2,144965.6
NDGL,121.8,89.8
NDL,6757760.5,3333924.1
NDLVENTURE,17511.5,9259.8
NDRAUTO,83201.3,28272.9
NECCLTD,70361.2,41156.8
NECLIFE,25862011.0,8853986.5
NELCAST,387661.2,170356.2
NELCO,123892.2,45219.9
NEOGEN,21754.2,11246.3
NESCO,171468.5,63852.0
NESTLEIND,501408.8,271895.6
NETF,1458.2,1131.8
NETWEB,643275.2,113617.1
NETWORK18,41869168.4,4692485.0
NEULANDLAB,257445.2,41791.0
NEWGEN,738654.0,267792.0
NEXT30ADD,29432.0,28291.4
NEXT50,13879.7,10538.4
NEXT50IETF,389169.7,252401.1
NEXTMEDIA,20883.1,17260.1
NFL,1200365.4,329066.7
NGIL,13412.2,7312.6
NGLFINE,3851.12,2548.75
NH,336636.6,138048.5
NHPC,11170551.7,6240588.7
NIACL,290226.4,105939.9
NIBE,46747.9,20491.8
NIF100BEES,51322.1,44106.4
NIF100IETF,259018.4,235259.7
NIF10GETF,1426.4,1139.6
NIF5GETF,2155.44,1428.33
NIFITETF,2462.3,2283.1
NIFMID150,1121.4,864.1
NIFTY1,109832.1,92041.1
NIFTY100EW,6278.5,5080.3
NIFTY50ADD,15750.6,9224.7
NIFTYBEES,4138958.4,2821263.9
NIFTYBETF,1913.6,1608.3
NIFTYETF,272677.6,249349.5
NIFTYIETF,227058.8,178579.9
NIFTYQLITY,51315.8,39095.8
NIITLTD,312063.0,155163.3
NIITMTS,175292.9,116427.1
NILAINFRA,2300233.9,1374665.6
NILASPACES,2072887.8,1014436.2
NILKAMAL,2757.7,1562.0
NINSYS,2715.1,1840.9
NIPPOBATRY,4830.2,2835.3
NIRAJ,25633.9,15627.1
NITCO,147885.2,89191.6
NITINSPIN,67605.0,33160.3
NITIRAJ,4788.6,3393.0
NIVABUPA,3956759.3,1772431.9
NKIND,901.11,624.33
NLCINDIA,2556388.2,901654.7
NMDC,30982695.4,15283418.4
NOCIL,321044.8,152944.9
NORTHARC,2289118.1,911469.8
NOVAAGRI,599940.5,289805.4
NPBET,1615.6,811.2
NPST,14255.3,8308.1
NRBBEARING,165112.7,98293.2
NSIL,7693.7,3743.4
NSLNISP,1641213.4,837473.0
NTPC,7781194.8,5399474.9
NTPCGREEN,11228375.4,5105735.0
NUCLEUS,17845.9,9593.1
NURECA,38858.25,21538.62
NUVAMA,149412.7,54834.4
NUVOCO,1549193.4,648905.5
NV20,12818.4,8748.5
NV20BEES,110264.9,103805.9
NV20IETF,414472.0,282531.4
NYKAA,5932486.3,2673825.1
OAL,35738.2,16019.9
OBCL,136733.4,32226.4
OBEROIRLTY,883107.6,425670.1
OFSS,96824.2,35418.1
OIL,1876451.7,852654.0
OILCOUNTUB,45704.9,26380.9
OILIETF,1511068.7,1040071.8
OLAELEC,181858663.5,38099885.2
OLECTRA,743128.4,281717.6
OMAXAUTO,274792.5,91451.4
OMAXE,550900.8,261133.8
OMINFRAL,100993.9,49915.8
ONESOURCE,149065.6,98483.6
ONGC,7064171.9,3861404.6
ONMOBILE,463631.6,167156.2
OPTIEMUS,261164.6,120466.4
ORCHPHARMA,74282.1,48455.4
ORICONENT,219070.4,111555.1
ORIENTBELL,9611.5,5636.5
ORIENTCEM,911078.73,454546.73
ORIENTCER,239301.0,75917.18
ORIENTELEC,98942.82,48668.18
ORIENTHOT,902059.55,441012.64
ORIENTLTD,7025.36,4268.82
ORIENTPPR,483552.09,252366.82
ORIENTTECH,170877.27,81184.0
ORISSAMINE,48997.91,12240.55
ORTINGLOBE,5966.67,4383.33
OSELDEVICE,44400.0,26400.0
OSWALAGRO,227812.64,96796.0
OSWALGREEN,367246.27,139136.36
OSWALPUMPS,1697910.64,675762.82
OSWALSEEDS,51408.73,40172.36
OWAIS,20300.0,19300.0
PAGEIND,15760.91,8358.09
PAISALO,14411021.91,5154326.82
PAKKA,277750.09,95487.18
PALASHSECU,3298.64,1825.82
PANACEABIO,164883.36,82677.64
PANAMAPET,27332.55,14825.27
PARACABLES,916513.09,491404.18
PARADEEP,15052823.45,2578911.91
PARAGMILK,1952901.64,770880.36
PARAGON,45600.0,43200.0
PARAMOUNT,14400.0,13200.0
PARAS,496783.45,195697.73
PARASPETRO,178249.64,102798.09
PARIN,29000.0,16000.0
PARKHOTELS,1100385.82,635768.09
PARSVNATH,7546310.8,4157360.2
PARTYCRUS,13000.0,9000.0
PASHUPATI,3980.0,3067.0
PASUPTAC,56055.55,24003.73
PATANJALI,1948097.45,529533.82
PATELENG,2095756.73,1119831.91
PATILAUTOM,182400.0,105600.0
PATINTLOG,132145.73,85174.82
PATTECH,1500.0,1500.0
PAVNAIND,11142.27,6520.18
PAYTM,6912282.64,1858160.55
PCBL,1914117.73,728240.18
PCCL,42400.0,26800.0
PCJEWELLER,86325752.73,29497539.36
PDMJEPAPER,83860.55,47608.73
PDSL,94893.55,58955.27
PEARLPOLY,25696.27,16752.45
PEL,1645365.36,579989.36
PELATRO,2100.0,1800.0
PENIND,811522.73,329683.91
PENINLAND,1476329.0,603175.45
PENTAGON,5000.0,3000.0
PERFECT,27000.0,27000.0
PERSISTENT,481003.09,248825.09
PETRONET,2572584.18,1733383.73
PFC,7194855.0,3556234.27
PFIZER,23838.91,11735.55
PFOCUS,1772792.45,671588.45
PFS,1115655.27,497878.27
PGEL,1934778.55,704226.55
PGHH,9231.36,5916.82
PGHL,11834.55,7188.27
PGIL,74751.18,34106.91
PGINVIT,667811.0,596958.0
PHANTOMFX,900600.0,884700.0
PHARMABEES,4475088.73,3208285.36
PHOENIXLTD,831189.91,589537.09
PICCADIL,90176.91,50722.73
PIDILITIND,239489.36,157087.91
PIIND,135883.0,77912.73
PILANIINVS,3263.45,1739.73
PIONEEREMB,9380.73,5775.91
PITTIENG,119842.09,57403.09
PIXTRANS,28048.27,16181.27
PLASTIBLEN,22699.18,14983.55
PLATIND,412403.0,139589.64
PLAZACABLE,39961.27,20936.64
PNB,18988953.64,7398468.82
PNBGILTS,1492624.0,445915.64
PNBHOUSING,1202521.73,559292.27
PNCINFRA,1117067.09,306366.36
PNGJL,283843.09,133293.82
POCL,274999.82,113334.73
PODDARMENT,4072.73,2809.64
POKARNA,42724.91,21255.82
POLICYBZR,1174627.64,731390.36
POLYCAB,609282.64,220753.09
POLYMED,115491.0,77976.82
POLYPLEX,55341.0,32124.36
POLYSIL,30000.0,30000.0
PONNIERODE,23683.27,8974.64
POONAWALLA,1014748.73,388879.73
POSITRON,9300.0,9000.0
POWERGRID,7299129.27,4959204.91
POWERINDIA,106790.64,46386.18
POWERMECH,84424.82,39221.55
PPL,56389.91,31316.82
PPLPHARMA,6782694.82,2699163.73
PPSL,24000.0,24000.0
PRABHA,92914.64,48010.36
PRAENG,138691.82,63823.0
PRAJIND,533202.45,262665.82
PRAKASH,1750165.91,834340.36
PRAKASHSTL,201105.36,131005.55
PRAMARA,11000.0,9000.0
PRANIK,1600.0,1600.0
PRATHAM,10800.0,9600.0
PRECAM,168158.91,75308.09
PRECISION,2000.0,2000.0
PRECWIRE,265060.27,122882.73
PREMEXPLN,273746.64,92583.91
PREMIERENE,1284840.55,458765.82
PREMIERPOL,64268.64,41032.0
PRESSTONIC,12000.0,8000.0
PRESTIGE,1218879.64,627479.82
PRICOLLTD,288806.0,141826.73
PRIMESECU,162524.45,41557.36
PRIMO,308192.64,159285.82
PRINCEPIPE,169945.36,78424.27
PRITI,17516.55,11659.0
PRITIKA,8000.0,6000.0
PRITIKAUTO,156177.64,89709.0
PRIVISCL,96654.09,27096.82
PRIZOR,3200.0,3200.0
PRLIND,29000.0,22000.0
PROFX,120000.0,97600.0
PROLIFE,500.0,500.0
PROPEQUITY,600.0,600.0
PROSTARM,5445585.55,1306946.0
PROTEAN,637591.91,298073.45
PROV,320.0,240.0
PROZONER,641780.91,376218.36
PRSMJOHNSN,259794.73,101008.0
PRUDENT,40487.09,20188.18
PRUDMOULI,51579.18,23809.0
PSB,2399065.36,1123539.09
PSFL,12000.0,8000.0
PSPPROJECT,128570.45,53459.73
PSRAJ,2000.0,2000.0
PSUBANK,60219.45,52994.18
PSUBANKADD,400552.82,388799.27
PSUBNKBEES,2595333.55,1726806.73
PSUBNKIETF,186249.36,140509.91
PTC,1441084.55,787213.0
PTCIL,13858.27,5822.55
PTL,178069.18,111179.27
PULZ,14000.0,8000.0
PUNJABCHEM,18310.64,7691.0
PURPLEUTED,9000.0,9000.0
PURVA,134421.18,59970.82
PURVFLEXI,10400.0,8000.0
PUSHPA,99000.0,97000.0
PVP,264982.55,154483.91
PVRINOX,586035.09,233620.27
PVSL,75180.45,37406.0
PVTBANIETF,1411894.73,1235423.73
PVTBANKADD,37181.0,25835.45
PYRAMID,34630.27,20926.36
QFIL,9000.0,9000.0
QGOLDHALF,93254.73,74681.18
QMSMEDI,32000.0,24000.0
QNIFTY,441.64,344.0
QPOWER,3395770.45,627190.45
QUADFUTURE,729416.91,207244.55
QUADPRO,12000.0,12000.0
QUAL30IETF,99621.18,86728.82
QUALITY,9872.0,5330.0
QUALITY30,5807.33,4921.67
QUESS,249799.55,144886.91
QUESTLAB,33600.0,28800.0
QUICKHEAL,326712.09,119794.64
QUICKTOUCH,4000.0,4000.0
QVCEL,6400.0,6400.0
RACE,9869.0,7109.64
RACLGEAR,33311.55,7301.09
RADAAN,31535.82,22154.18
RADHIKAJWE,4183237.91,675811.91
RADIANTCMS,297120.36,197694.55
RADICO,235549.36,144059.18
RADIOCITY,103032.42,47691.0
RADIOWALLA,8000.0,6400.0
RAILTEL,1544806.0,383794.45
RAIN,833999.55,446801.27
RAINBOW,174630.73,119828.09
RAJESHEXPO,625801.27,216480.45
RAJINDLTD,246000.0,199500.0
RAJOOENG,1509221.45,639444.0
RAJPUTANA,11000.0,9500.0
RAJRATAN,77250.45,36105.36
RAJSREESUG,25637.64,15216.18
RALLIS,4553450.64,1125722.09
RAMASTEEL,7884133.09,2966909.09
RAMCOCEM,572537.09,319974.36
RAMCOIND,98076.45,55613.45
RAMKY,138347.0,61901.36
RAMRAT,43080.82,20074.55
RANASUG,254006.91,145992.36
RANEHOLDIN,9904.18,6021.27
RAPPID,19800.0,13200.0
RATEGAIN,355493.36,182855.18
RATNAMANI,16425.91,7011.55
RATNAVEER,324129.0,137384.82
RAYMOND,968891.91,197353.36
RAYMONDLSL,179601.55,75676.0
RAYMONDREL,310796.38,197440.75
RBA,983426.0,462407.55
RBLBANK,12844519.91,5545902.64
RBMINFRA,14200.0,14000.0
RBS,110400.0,64000.0
RBZJEWEL,99878.55,50791.64
RCDL,3000.0,3000.0
RCF,1312133.0,333643.18
READYMIX,19000.0,19000.0
RECLTD,8021245.18,4278617.09
REDINGTON,1375199.0,603651.27
REDTAPE,481902.18,286222.55
REFEX,246105.45,119619.09
REFRACTORY,3000.0,3000.0
REGENCERAM,11986.44,9094.11
RELAXO,467705.82,119490.18
RELCHEMQ,21616.55,11917.64
RELIABLE,10469.82,5731.36
RELIANCE,11797937.45,8321330.18
RELIGARE,4553518.73,1909992.27
REMSONSIND,224212.73,67489.45
REMUS,17500.0,12800.0
RENUKA,2505846.73,1034596.55
REPCOHOME,252747.0,136743.64
REPL,10967.91,6204.09
REPRO,10356.73,5896.73
RESPONIND,86341.18,45439.18
RETAIL,13309.09,5709.91
REXPIPES,8000.0,8000.0
REXPRO,5000.0,3000.0
RGL,204224.73,61163.55
RHIM,1318661.45,158755.09
RHL,13246.82,7433.45
RICHA,1000.0,1000.0
RICOAUTO,252363.45,115200.18
RIIL,80068.73,23008.64
RILINFRA,7300.0,7100.0
RISHABH,46126.18,22719.82
RITCO,128349.18,63695.27
RITES,431720.27,170692.45
RKDL,27439.82,15991.55
RKEC,35792.55,26772.09
RKFORGE,705935.36,307917.36
RKSWAMY,32206.45,16377.18
RMDRIP,8000.0,6000.0
RML,23174.18,9196.82
RNFI,22800.0,15600.0
ROCKINGDCE,500.0,500.0
ROHLTD,173501.0,83868.55
ROLEXRINGS,16528.18,10556.36
ROSSARI,200851.36,74384.27
ROSSELLIND,33650.73,22208.64
ROSSTECH,188501.89,54422.11
ROTO,708946.0,278741.91
ROUTE,163232.18,71840.91
ROXHITECH,24000.0,19200.0
ROYALARC,4800.0,4800.0
RPEL,102886.0,46127.18
RPGLIFE,32848.09,15205.55
RPPINFRA,128034.55,66494.73
RPPL,80502.45,45978.45
RPSGVENT,36562.27,19098.36
RPTECH,111958.82,52053.73
RRKABEL,500625.82,115831.27
RSWM,33677.36,21407.27
RSYSTEMS,76928.0,35898.0
RTL,14000.0,10000.0
RTNINDIA,5921872.0,1340151.09
RTNPOWER,120859491.18,26746512.73
RUBFILA,107701.64,61903.64
RUBYMILLS,21376.27,11171.55
RUCHIRA,52686.0,26401.36
RULKA,2700.0,2400.0
RUPA,341768.0,177471.91
RUSHIL,453255.09,263276.09
RUSTOMJEE,52361.55,35692.64
RVHL,31736.64,22554.64
RVNL,3622609.55,1096322.73
SAAKSHI,10200.0,7800.0
SABAR,10000.0,10000.0
SABTNL,4805.4,4362.0
SACHEEROME,133200.0,57600.0
SADBHAV,505806.45,297064.91
SADBHIN,173772.64,133359.27
SADHAV,3600.0,3600.0
SAFARI,16805.18,9400.0
SAFEENTP,575000.0,376000.0
SAGARDEEP,21487.73,15719.09
SAGCEM,653462.36,319548.36
SAGILITY,34252778.45,15654110.27
SAHAJSOLAR,20800.0,18000.0
SAHANA,7125.0,5625.0
SAHASRA,30000.0,28800.0
SAHYADRI,4501.0,3429.64
SAIL,8584999.55,2782917.82
SAILIFE,652589.64,408741.45
SAJHOTELS,12000.0,12000.0
SAKHTISUG,96422.45,53976.45
SAKSOFT,1114382.09,241378.27
SALASAR,17653837.27,5704893.27
SALONA,36930.8,9318.0
SALSTEEL,68184.4,46616.6
SALZERELEC,53816.0,28516.6
SAMAY,28000.0,28000.0
SAMBHAAV,141776.2,80834.7
SAMBHV,22325514.0,3643046.3
SAMHI,1597964.8,763096.8
SAMMAANCAP,18819706.3,7769412.7
SAMPANN,282343.1,132912.2
SANATHAN,90815.9,47966.0
SANDESH,955.2,688.0
SANDHAR,86430.1,46296.6
SANDUMA,192419.0,70767.8
SANGAMIND,41248.0,20773.0
SANGANI,12000.0,6000.0
SANGHIIND,298134.3,144006.8
SANGHVIMOV,173565.0,91345.8
SANGINITA,26777.6,20167.1
SANOFI,9904.0,6994.3
SANOFICONR,6011.4,3473.6
SANSERA,61109.7,40216.1
SANSTAR,378645.1,183021.5
SAPPHIRE,1096387.4,230095.6
SARDAEN,490104.1,152165.0
SAREGAMA,1442115.9,147074.5
SARTELE,142500.0,106500.0
SARVESHWAR,6206013.7,2532520.7
SASKEN,11648.7,5841.8
SASTASUNDR,19749.5,9919.5
SATECH,8000.0,8000.0
SATIA,86731.4,48110.2
SATIN,123573.0,66142.2
SATIPOLY,1500.0,1500.0
SATKARTAR,4800.0,4800.0
SAURASHCEM,786722.4,218495.3
SBC,9233989.4,4045878.9
SBCL,135467.6,65540.6
SBFC,2460326.1,1142461.7
SBIBPB,17953.1,14261.5
SBICARD,1076867.5,404889.2
SBIETFCON,4391.0,3325.3
SBIETFIT,74448.3,71435.5
SBIETFPB,4908.4,4586.4
SBIETFQLTY,2485.5,2066.1
SBILIFE,1021792.5,637269.3
SBIN,11057162.45,6669360.91
SBINEQWETF,21407.6,18873.1
SBISILVER,499589.3,387835.0
SCHAEFFLER,84176.2,52601.3
SCHAND,46946.0,25095.3
SCI,1164426.0,391642.8
SCILAL,1163397.1,424220.4
SCML,6000.0,5000.0
SCODATUBES,2092604.8,574409.8
SCPL,10943.1,6819.3
SDBL,1411589.3,574788.8
SDL26BEES,21588.2,21223.0
SDREAMS,11000.0,8000.0
SEAMECLTD,13147.7,6829.2
SECURKLOUD,52580.12,29726.88
SEL,1600.0,1400.0
SELAN,45456.8,20041.5
SELECTIPO,28190.9,25268.6
SEMAC,12052.5,7620.0
SENCO,743131.5,460351.6
SENORES,256792.1,107445.5
SENSEXADD,2515.3,1578.2
SENSEXETF,13137.6,11262.4
SENSEXIETF,7987.7,5283.7
SEPC,13099275.9,4913589.3
SEPCPP,2515005.0,2185095.0
SEQUENT,531167.1,219328.8
SERVICE,4000.0,4000.0
SERVOTECH,885098.0,338507.5
SESHAPAPER,25014.27,12727.82
SETF10GILT,10503.73,8527.27
SETFGOLD,1844984.27,1453659.36
SETFNIF50,402628.09,346645.0
SETFNIFBK,79526.09,70429.36
SETFNN50,24136.27,16196.27
SFL,97552.0,54236.55
SFML,36800.0,24000.0
SGBAPR28I,128.0,90.0
SGBAUG27,13.0,10.0
SGBAUG28V,412.0,350.0
SGBAUG29V,310.0,304.0
SGBAUG30,152.0,128.0
SGBD29VIII,52.0,39.0
SGBDC27VII,76.0,70.0
SGBDE30III,190.0,154.0
SGBDE31III,648.0,497.0
SGBDEC25,1.0,1.0
SGBDEC2512,2.0,2.0
SGBDEC26,1.0,1.0
SGBFEB27,26.0,26.0
SGBFEB28IX,6.0,6.0
SGBFEB29XI,58.0,52.0
SGBFEB32IV,948.0,635.0
SGBJ28VIII,10.0,10.0
SGBJAN27,134.0,101.0
SGBJAN29IX,149.0,143.0
SGBJAN29X,287.0,263.0
SGBJAN30IX,36.0,24.0
SGBJU29III,10.0,10.0
SGBJUL25,54.0,38.0
SGBJUL28IV,845.0,674.0
SGBJUL29IV,619.0,544.0
SGBJUN28,218.0,202.0
SGBJUN29II,169.0,149.0
SGBJUN30,58.0,42.0
SGBJUN31I,347.0,196.0
SGBMAR28X,9.0,9.0
SGBMAR30X,43.0,21.0
SGBMAR31IV,213.0,123.0
SGBMAY26,2.0,2.0
SGBMAY28,103.0,102.0
SGBMAY29I,261.0,153.0
SGBMR29XII,185.0,174.0
SGBN28VIII,54.0,39.0
SGBNOV25,9.0,9.0
SGBNOV25IX,1.0,1.0
SGBNOV26,33.0,23.0
SGBNV29VII,313.0,288.0
SGBOC28VII,152.0,136.0
SGBOCT25IV,10.0,10.0
SGBOCT25V,2.0,2.0
SGBOCT26,5.0,4.0
SGBOCT27,5.0,3.0
SGBOCT27VI,3.0,3.0
SGBSEP27,26.0,26.0
SGBSEP28VI,18.0,16.0
SGBSEP29VI,175.0,109.0
SGBSEP31II,605.0,477.0
SGIL,41586.45,19966.36
SHAHALLOYS,15857.64,8630.09
SHAILY,49789.73,28319.73
SHAKTIPUMP,274850.45,144684.36
SHALBY,468563.64,144790.45
SHALPAINTS,64857.45,39064.82
SHANKARA,78925.27,42257.36
SHANTIGEAR,116571.45,40769.45
SHARDACROP,385498.27,136690.36
SHARDAMOTR,178019.55,47476.91
SHAREINDIA,236378.18,111228.0
SHARIABEES,9507.55,7537.64
SHEETAL,14000.0,14000.0
SHERA,26000.0,19000.0
SHIGAN,1500.0,1500.0
SHIVALIK,56794.91,28631.91
SHIVAMAUTO,129933.55,66846.73
SHIVAMILLS,8228.36,3770.09
SHIVATEX,6579.36,3934.18
SHK,439144.09,224314.0
SHKSIL,34000.0,20000.0
SHOPERSTOP,298835.82,157081.09
SHRADHA,26071.91,16514.18
SHREDIGCEM,916760.55,371178.55
SHREECEM,27953.91,13878.36
SHREEKARNI,4950.0,3900.0
SHREEOSFM,7000.0,4000.0
SHREEPUSHK,127180.55,51313.64
SHREERAMA,108361.45,64434.73
SHREMINVIT,50000.0,50000.0
SHRENIK,1020433.91,700090.91
SHRIAHIMSA,43200.0,28800.0
SHRIPISTON,56185.73,26094.45
SHRIRAMFIN,4963611.55,2780945.36
SHRIRAMPPS,1245183.91,464990.82
SHRITECH,4000.0,2000.0
SHUBHLAXMI,8000.0,7000.0
SHUBHSHREE,11400.0,6600.0
SHYAMMETL,582986.0,320881.36
SIDDHIKA,1000.0,1000.0
SIEMENS,457198.91,198284.27
SIGACHI,5785361.18,1430591.09
SIGNATURE,368290.36,79408.55
SIGNORIA,1000.0,1000.0
SIGNPOST,284725.27,86120.64
SIKKO,41434.91,22602.18
SIL,63202.09,29182.45
SILINV,1556.0,1071.55
SILKY,37600.0,37600.0
SILLYMONKS,124882.91,58809.36
SILVER,679859.45,535749.45
SILVER1,507263.27,359891.64
SILVER360,7784.09,5271.18
SILVERADD,662255.0,613112.27
SILVERBEES,14124924.18,8920890.09
SILVERCASE,1705578.64,1397621.18
SILVERETF,552674.82,355366.91
SILVERIETF,3593630.82,2741889.91
SILVERTUC,36057.18,21283.82
SILVRETF,208209.0,169835.0
SIMPLEXINF,274758.45,161867.09
SINCLAIR,305619.45,101129.18
SINDHUTRAD,4499398.27,1200450.0
SINTERCOM,145371.55,58592.64
SIRCA,383661.91,159620.64
SIS,65690.18,39696.91
SIYSIL,63581.36,25412.55
SJLOGISTIC,23250.0,18500.0
SJS,88040.27,48081.18
SJVN,4277822.36,1523752.82
SKFINDIA,28175.91,16945.82
SKIPPER,240808.27,105156.91
SKP,12000.0,7500.0
SKYGOLD,961499.82,543169.64
SLONE,1600.0,1600.0
SMALLCAP,816357.18,526462.09
SMARTEN,448800.0,369600.0
SMARTLINK,4962.27,2925.0
SMARTWORKS,5676750.33,2171598.67
SMCGLOBAL,148960.64,81695.45
SMLISUZU,356241.91,86631.36
SMLT,11212.09,5895.27
SMSLIFE,13247.55,3441.0
SMSPHARMA,107532.36,47763.64
SNOWMAN,334155.09,144869.82
SNXT30BEES,6626.82,5009.36
SOBHA,506555.55,206388.36
SOFTTECH,10459.0,5164.09
SOLARA,160907.27,55632.91
SOLARAPP1,877.0,876.0
SOLARINDS,135487.18,80512.36
SOLEX,22625.0,22625.0
SOMANYCERA,19751.09,10933.64
SOMATEX,989166.5,361891.5
SOMICONVEY,9857.55,4677.45
SONACOMS,7214928.0,2387251.55
SONAMAC,7000.0,5000.0
SONAMLTD,128936.0,73207.18
SONATSOFTW,647450.09,275597.55
SONUINFRA,6000.0,4500.0
SOTAC,1200.0,1200.0
SOTL,34070.36,21141.55
SOUTHBANK,12529207.0,6311846.45
SPAL,31442.09,15792.73
SPANDANA,587666.09,214744.18
SPARC,535087.82,242570.18
SPCL,30600.0,28200.0
SPECIALITY,53728.0,32694.82
SPECTRUM,2670.64,1406.82
SPECTSTM,7200.0,6400.0
SPENCERS,141240.27,74500.0
SPIC,564694.45,288723.18
SPLPETRO,17666.36,8734.45
SPMLINFRA,1809493.45,523327.27
SPORTKING,1087029.27,370235.91
SPPPOLY,2000.0,2000.0
SPRL,1600.0,1600.0
SRD,392433.45,84993.18
SREEL,4421.36,2617.18
SRF,417245.09,213457.73
SRGHFL,4139.64,3487.0
SRHHYPOLTD,57578.27,19435.91
SRIVASAVI,2000.0,2000.0
SRM,164452.82,82801.55
SSDL,47490.09,27646.55
SSEGL,16400.0,12600.0
SSFL,27500.0,18500.0
SSWL,228724.55,131046.82
STALLION,1778065.0,825942.0
STANLEY,34173.36,18181.91
STAR,468980.18,168209.18
STARCEMENT,711410.36,444758.82
STARHEALTH,512819.45,259052.91
STARPAPER,23691.36,17631.36
STARTECK,12878.27,1999.45
STEELCAS,23995.55,11260.27
STEELCITY,12272.91,6674.64
STEELXIND,5039438.36,2036724.45
STEL,2726.82,1845.64
STERTOOLS,320303.36,108084.45
STLTECH,4689303.0,1437056.27
STOVEKRAFT,80480.55,41016.91
STYLAMIND,46592.18,27163.09
STYLEBAAZA,128232.09,67535.45
STYRENIX,22731.91,12782.36
SUBROS,88745.45,37652.18
SUDARSCHEM,72591.73,38684.82
SUKHJITS,17188.82,11550.91
SULA,216985.18,92527.55
SUMICHEM,655837.27,358012.91
SUMIT,43055.18,28667.0
SUMMITSEC,5979.36,3380.91
SUNCLAY,10709.55,7561.18
SUNDARAM,310486.27,250678.82
SUNDARMFIN,56728.45,36316.45
SUNDARMHLD,190920.0,108741.09
SUNDRMBRAK,17033.09,6044.73
SUNDRMFAST,119322.18,76931.73
SUNDROP,13199.36,8208.18
SUNFLAG,309144.36,127932.82
SUNLITE,9600.0,7200.0
SUNPHARMA,1709117.73,1023991.36
SUNTECH,107200.0,62400.0
SUNTECK,313312.64,140096.45
SUNTV,356246.91,169579.91
SUPERHOUSE,5259.64,3249.27
SUPERSPIN,259862.73,102298.18
SUPRAJIT,143606.0,97437.27
SUPREME,65308.36,31163.36
SUPREMEIND,180521.45,91071.45
SUPREMEPWR,140000.0,103000.0
SUPRIYA,216589.18,107620.27
SURAJEST,163534.09,82718.45
SURAJLTD,13577.91,2030.0
SURAKSHA,28816.45,16853.91
SURANASOL,111946.27,58602.73
SURANAT&P,67006.09,46315.55
SURANI,600.0,200.0
SURYALAXMI,16124.36,8399.36
SURYAROSNI,286012.91,127785.64
SURYODAY,136913.64,66983.27
SUTLEJTEX,177423.33,91014.67
SUVIDHAA,6246665.33,2130414.0
SUZLON,39342445.18,18685051.55
SVPGLOB,117873.11,92716.44
SWANENERGY,8303114.45,1434862.91
SWARAJ,16000.0,14500.0
SWARAJENG,102628.45,28604.09
SWASTIK,1200.0,1200.0
SWELECTES,38809.89,18961.56
SWIGGY,17654623.64,8047562.27
SWSOLAR,5103889.27,1870090.82
SYLVANPLY,56000.0,44000.0
SYMPHONY,43604.55,23562.82
SYNGENE,1469520.73,802642.82
SYNOPTICS,6600.0,6600.0
SYRMA,2252078.82,564658.64
SYSTANGO,16400.0,10800.0
TAC,61700.0,42400.0
TAINWALCHM,72434.91,16139.64
TAJGVK,205797.91,100685.27
TALBROAUTO,64545.45,33700.45
TANKUP,2000.0,2000.0
TANLA,822576.18,247583.45
TAPIFRUIT,750.0,750.0
TARACHAND,208847.64,120791.0
TARC,580301.0,300134.55
TARIL,594533.91,354771.91
TARMAT,208505.09,68260.91
TARSONS,44490.18,23083.82
TASTYBITE,2304.27,934.45
TATACHEM,656352.64,298723.82
TATACOMM,955113.36,295131.91
TATACONSUM,976150.91,573698.18
TATAELXSI,355558.55,72103.27
TATAGOLD,12411506.36,8925473.0
TATAINVEST,45380.0,9621.73
TATAMOTORS,7609697.27,3331963.73
TATAPOWER,5767429.45,2584722.73
TATASTEEL,20627212.64,9183634.91
TATATECH,1652790.82,547795.27
TATSILV,4717795.73,3385471.09
TATVA,339657.82,61845.55
TBI,15600.0,15600.0
TBOTEK,126598.09,70830.18
TBZ,482969.18,145199.0
TCI,71629.36,23891.18
TCIEXP,11586.27,6838.55
TCL,20800.0,16000.0
TCPLPACK,7883.18,3620.36
TCS,3500398.18,2476023.55
TDPOWERSYS,406738.73,181121.09
TEAMLEASE,33482.73,24228.64
TECH,646413.0,636093.82
TECHERA,104000.0,100800.0
TECHLABS,6500.0,6500.0
TECHM,2834214.27,1582998.36
TECHNOE,181976.73,83962.73
TECILCHEM,2634.0,2634.0
TEGA,514044.82,270220.27
TEJASCARGO,10400.0,5600.0
TEJASNET,1385601.18,464906.45
TEXINFRA,180215.27,124076.73
TEXMOPIPES,95161.09,38180.36
TEXRAIL,1512374.82,698443.18
TFCILTD,1735761.82,834075.36
TGBHOTELS,104395.55,51862.36
TGL,47800.0,47800.0
THANGAMAYL,31135.0,18061.27
THEINVEST,45400.45,22196.64
THEJO,16815.73,8019.27
THELEELA,1261656.73,677878.64
THEMISMED,98109.55,46418.82
THERMAX,567054.09,89689.0
THESL,9000.0,9000.0
THOMASCOOK,3333225.64,993345.55
THYROCARE,118541.09,55964.09
TI,8359731.0,1445568.36
TIIL,38267.73,25044.0
TIINDIA,388127.09,301256.55
TIMESCAN,2000.0,2000.0
TIMESGTY,20189.0,6986.82
TIMETECHNO,1051528.91,360357.27
TIMKEN,119224.45,91862.0
TINNARUBR,57393.64,26432.09
TIPSFILMS,5957.91,3512.18
TIPSMUSIC,225811.36,158961.18
TIRUMALCHM,772028.36,300458.45
TITAGARH,953173.55,275624.0
TITAN,682709.91,402734.64
TMB,68978.0,43867.45
TNIDETF,78112.55,64716.55
TNPETRO,852378.56,401880.33
TNPL,102589.18,48462.36
TOKYOPLAST,7877.82,5479.55
TOLINS,71333.18,36831.82
TOP100CASE,426757.36,289438.55
TOP10ADD,253984.27,199459.73
TOP15IETF,52354.45,40496.27
TORNTPHARM,486156.27,329857.64
TORNTPOWER,333985.18,182153.73
TOTAL,6830.91,5354.45
TOUCHWOOD,9974.36,5626.27
TPLPLASTEH,58017.27,15428.09
TRACXN,705902.0,245415.64
TRANSRAILL,2374058.55,641653.64
TRANSTEEL,254000.0,158000.0
TRANSWORLD,16465.45,10841.45
TRAVELFOOD,2050593.56,1070612.78
TREJHARA,11016.0,7830.27
TREL,177334.82,99123.0
TRENT,610666.36,321623.36
TRF,20529.27,12542.09
TRIDENT,6374917.36,2460325.09
TRIDHYA,9000.0,6000.0
TRIGYN,39816.09,30621.82
TRITURBINE,1066783.36,432693.27
TRIVENI,470692.09,225923.18
TROM,4200.0,4200.0
TRUST,12000.0,10800.0
TTKHLTCARE,4921.45,2944.64
TTKPRESTIG,32479.91,17115.73
TUNWAL,146000.0,100000.0
TVSHLTD,10562.82,5051.55
TVSMOTOR,554208.82,330324.73
TVSSCS,471745.45,239587.64
TVSSRICHAK,3532.82,1799.91
TVTODAY,53655.18,26292.36
UBL,171231.82,96415.36
UCAL,24236.36,11694.0
UCOBANK,7921864.09,3244778.0
UDAICEMENT,1093905.0,586467.82
UDS,612737.0,371627.64
UFLEX,20642.91,13554.64
UFO,132549.36,59898.18
UGARSUGAR,182221.82,101626.36
UGROCAP,268945.73,160842.64
UHTL,86000.0,40000.0
UJJIVANSFB,8151885.45,4324301.64
ULTRACEMCO,245207.73,133136.45
UMESLTD,47488.45,36698.18
UMIYA-MRO,59335.82,37818.18
UNICHEMLAB,72569.18,30244.73
UNIDT,14054.73,8858.73
UNIECOM,518104.09,197830.73
UNIENTER,13483.45,7653.36
UNIHEALTH,34000.0,33000.0
UNILEX,17600.0,16000.0
UNIONBANK,12921175.91,5141354.73
UNIONGOLD,5089.18,4655.82
UNIPARTS,38260.45,25845.09
UNITDSPR,937092.0,604615.45
UNITEDPOLY,460572.0,327988.55
UNITEDTEA,6185.18,4277.36
UNIVASTU,273697.64,103288.36
UNIVCABLES,36350.18,23865.27
UNOMINDA,478825.27,250334.0
UPL,3043404.91,1534509.0
UPLPP1,173387.0,153052.0
URBAN,28000.0,25600.0
URJA,1990916.36,871198.09
USASEEDS,5100.0,4200.0
USHAFIN,48000.0,35200.0
USHAMART,465779.64,170405.0
USK,84543.45,49338.18
UTIAMC,549291.09,188504.27
UTIBANKETF,676610.82,623362.45
UTINEXT50,53332.91,26770.55
UTINIFTETF,39756.36,36337.45
UTISENSETF,1260.09,978.18
UTISXN50,2726.0,2209.73
UTKARSHBNK,2742532.45,1662351.82
UTSSAV,7200.0,6600.0
UTTAMSUGAR,33804.73,17940.09
UYFINCORP,108134.18,44342.45
V2RETAIL,27027.18,19850.36
VADILALIND,10709.64,5516.27
VAIBHAVGBL,240673.0,112035.0
VAISHALI,560572.64,401459.27
VAL30IETF,65731.36,57508.27
VALIANTLAB,160886.82,89834.64
VARDHACRLC,97714.18,61752.91
VARDMNPOLY,314221.64,202719.27
VARROC,151280.09,74191.91
VASA,12000.0,8000.0
VASCONEQ,2073548.55,863306.64
VASWANI,1331146.75,331022.0
VBL,8385235.27,5787052.45
VDEAL,6000.0,6000.0
VEDL,5315467.82,2323571.82
VEEDOL,14443.27,9110.55
VEEKAYEM,4000.0,2000.0
VELS,2400.0,2400.0
VENKEYS,18424.91,10033.45
VENTIVE,224208.64,128441.64
VENUSPIPES,86380.73,32177.73
VERANDA,604709.0,390031.27
VERITAAS,12000.0,10800.0
VERTOZ,664422.33,270444.78
VESUVIUS,129060.91,59634.82
VETO,50830.27,30469.55
VGINFOTECH,68000.0,40000.0
VGUARD,272639.73,148006.45
VHL,803.64,426.0
VIAZ,16000.0,12000.0
VIDHIING,19574.82,11798.18
VIESL,14400.0,9600.0
VIJAYA,111814.27,54534.55
VIJIFIN,1670504.0,1023684.4
VIKASECO,3222496.09,1937566.18
VIKASLIFE,4271642.82,2292354.45
VILAS,17000.0,15500.0
VILINBIO,4000.0,4000.0
VIMTALABS,1909012.27,204765.73
VINATIORGA,34620.73,22850.27
VINCOFE,3295699.27,1088436.27
VINDHYATEL,10493.82,7032.36
VINSYS,8000.0,6000.0
VINYAS,16400.0,11400.0
VIPCLOTHNG,693602.0,227294.09
VIPIND,2183915.18,721845.64
VIRINCHI,1132892.82,514740.73
VISAMAN,3000.0,3000.0
VISHNU,54001.0,30866.18
VISHNUINFR,112000.0,56000.0
VISHWARAJ,213271.82,119419.73
VISHWAS,1600.0,1600.0
VITAL,1200.0,1200.0
VIVIANA,4500.0,4000.0
VIVIDHA,378337.09,257125.73
VLINFRA,6000.0,6000.0
VLSFINANCE,16845.55,8831.09
VMARCIND,29750.0,18000.0
VMART,94735.82,52339.91
VMM,17249582.18,7081709.0
VOLERCAR,851200.0,638400.0
VOLTAMP,24603.0,10916.55
VOLTAS,994370.91,613882.55
VPRPL,1428147.36,461733.18
VRAJ,26554.09,16296.45
VRLLOG,156754.55,89468.27
VSCL,3000.0,3000.0
VSSL,45693.91,20356.55
VSTIND,747157.55,330297.45
VSTL,38171.36,19062.73
VSTTILLERS,34679.82,11315.27
VTL,200866.18,70607.73
WAAREEENER,1896402.45,481300.91
WAAREERTL,3770711.91,542690.36
WABAG,372950.36,191846.0
WALPAR,2000.0,2000.0
WCIL,304962.27,129410.36
WEALTH,5864.27,3328.45
WEBELSOLAR,221951.18,103717.18
WEIZMANIND,6603.82,3548.55
WEL,703995.73,181883.82
WELCORP,441856.36,189126.27
WELENT,105283.91,58462.18
WELSPUNLIV,3206694.91,1262281.09
WENDT,89213.55,25713.0
WESTLIFE,113499.64,40927.55
WEWIN,6365.27,3800.36
WHEELS,40627.45,21895.82
WHIRLPOOL,307233.09,171091.91
WHITEFORCE,116800.0,115200.0
WILLAMAGOR,14536.27,7727.82
WINDLAS,33100.27,18094.64
WINDMACHIN,129415.91,68406.0
WINSOL,8800.0,7600.0
WIPL,6148.82,2318.73
WIPRO,13171416.73,4701637.45
WOCKPHARMA,887382.27,235394.64
WOL3D,79000.0,50000.0
WOMANCART,29600.0,19200.0
WONDERLA,51946.73,29365.0
WORTH,51734.18,21439.36
WSTCSTPAPR,124457.82,49818.45
WTICAB,75000.0,58500.0
XCHANGING,128898.55,63879.64
XELPMOC,7330.27,5359.45
XPROINDIA,23404.27,12264.45
XTGLOBAL,24922.27,14186.0
YASHO,4879.0,2821.73
YASHOPTICS,28800.0,28800.0
YATHARTH,529167.27,216908.82
YATRA,515174.82,203894.91
YCCL,6000.0,6000.0
YESBANK,72350483.82,30322658.82
YUDIZ,6400.0,5600.0
YUKEN,7151.45,3783.73
ZAGGLE,297360.73,151918.91
ZEAL,9600.0,7200.0
ZEEL,16390838.18,6531754.45
ZEEMEDIA,2556479.36,1192902.91
ZENITHEXPO,1293.64,557.55
ZENSARTECH,897477.45,327953.82
ZENTEC,264031.91,142903.73
ZFCVINDIA,5675.36,3352.27
ZIMLAB,484184.45,301306.18
ZODIACLOTH,10333.36,6043.73
ZOTA,78268.55,30505.45
ZTECH,7800.0,7800.0
ZUARI,190883.36,93130.45
ZUARIIND,55234.91,29255.64
ZYDUSLIFE,820008.73,458307.73
ZYDUSWELL,61822.64,34832.82
