SYMBOL,AVG_TTL_TRD_QNTY,NEW_TTL_TRD_QNTY,PCT_DEVIATION
21STCENMGM,11267.4,4705,-58.24
360ONE,3854487.7,1243584,-67.74
3PLAND,5702.1,143666,2419.53
5PAISA,21151.5,9943,-52.99
AAATECH,42993.5,12649,-70.58
AADHARHFC,1705285.1,396541,-76.75
AARON,146868.2,40354,-72.52
AARTIIND,1533999.9,7184197,368.33
ABCAPITAL,3443009.3,8649553,151.22
ABDL,578127.8,1521105,163.11
ABGSEC,1124.9,2189,94.6
ABREL,214595.9,91635,-57.3
ABSLBANETF,127671.5,13647,-89.31
ABSLNN50ET,10328.2,78237,657.51
ACC,539582.6,1524691,182.57
ACCURACY,165161.9,69290,-58.05
ACI,184042.6,351038,90.74
ACL,52391.1,7729,-85.25
ACUTAAS,244330.7,2101738,760.2
ADANIENT,413262.1,1457616,252.71
ADANIPORTS,839184.2,1412892,68.36
ADFFOODS,109672.4,189777,73.04
ADROITINFO,76407.4,18063,-76.36
ADVENZYMES,464377.1,1151618,147.99
AEROENTER,382710.0,652863,70.59
AEROFLEX,3113378.9,1143361,-63.28
AFCONS,2140738.9,660320,-69.15
AFFORDABLE,57572.7,11488,-80.05
AFSL,80860.7,13379,-83.45
AGI,1520990.1,177475,-88.33
AGRITECH,22103.4,4915,-77.76
AGROPHOS,280096.2,635783,126.99
AIIL,601770.7,127725,-78.78
AJAXENGG,87984.7,184674,109.89
AJMERA,191087.9,90551,-52.61
AKG,52270.3,83806,60.33
AKSHARCHEM,12720.9,2703,-78.75
AKUMS,163553.2,734458,349.06
AKZOINDIA,53866.3,15472,-71.28
ALBERTDAVD,3761.9,10103,168.56
ALICON,8568.1,1668,-80.53
ALKALI,12027.7,4547,-62.2
ALKEM,78409.2,118293,50.87
ALKYLAMINE,40993.1,181995,343.96
ALLDIGI,17369.1,82561,375.33
ALOKINDS,40495534.0,9237096,-77.19
ALPA,16366.5,30428,85.92
ALPL30IETF,761622.2,219714,-71.15
AMBUJACEM,2647450.3,5782494,118.42
AMDIND,11068.6,4050,-63.41
AMJLAND,31677.3,71459,125.58
AMRUTANJAN,20826.9,7253,-65.17
ANANDRATHI,317254.4,112764,-64.46
ANDHRAPAP,194705.0,62032,-68.14
ANGELONE,1248310.5,455411,-63.52
ANIKINDS,12882.7,3913,-69.63
ANTGRAPHIC,286294.4,770366,169.08
ANTHEM,10303641.0,1353708,-86.86
ANUHPHR,428743.5,55581,-87.04
ANUP,21917.3,32952,50.35
AONELIQUID,27585.1,12231,-55.66
APARINDS,205127.9,339981,65.74
APCOTEXIND,49504.7,140043,182.89
APEX,85534.3,215999,152.53
APTUS,1233634.7,3679379,198.26
ARCHIDPLY,105261.6,25731,-75.56
ARFIN,271369.0,79522,-70.7
ARIES,102084.5,242615,137.66
ARIHANTCAP,1721597.8,322585,-81.26
ARIHANTSUP,69653.6,23108,-66.82
ARISINFRA,742173.7,218629,-70.54
ARKADE,1414407.6,653938,-53.77
AROGRANITE,14052.4,4008,-71.48
ARVSMART,245851.4,82488,-66.45
ASAHIINDIA,282922.9,136231,-51.85
ASAL,76344.1,36748,-51.87
ASHOKAMET,139725.6,974022,597.1
ASHOKLEY,7276051.4,11333155,55.76
ASIANENE,605309.3,1785538,194.98
ASIANHOTNR,3200.0,9485,196.41
ASIANPAINT,726655.9,1274735,75.42
ASKAUTOLTD,186564.9,321649,72.41
ASTERDM,687780.8,2688715,290.93
ATAM,14682.5,6869,-53.22
ATGL,484933.4,970390,100.11
ATUL,46907.0,12178,-74.04
AURIONPRO,159093.2,65748,-58.67
AUROPHARMA,694846.2,5490626,690.19
AURUM,357307.6,123245,-65.51
AUTOAXLES,26039.5,10163,-60.97
AUTOIETF,715953.0,297138,-58.5
AVADHSUGAR,30188.9,9071,-69.95
AVANTIFEED,379811.6,1485825,291.2
AVG,35347.6,11425,-67.68
AVONMORE,239135.7,625120,161.41
AVROIND,39702.7,83925,111.38
AVTNPL,303905.9,69261,-77.21
AWL,6568158.1,830652,-87.35
AXISBNKETF,11427.4,642,-94.38
AXISBPSETF,642550.1,68212,-89.38
AXISCETF,1983.4,8726,339.95
AXISGOLD,709237.8,231933,-67.3
AXISILVER,284928.2,139695,-50.97
AXSENSEX,3900.5,513,-86.85
AYMSYNTEX,41451.3,18647,-55.01
BAFNAPH,4115.0,684,-83.38
BAIDFIN,377998.2,84572,-77.63
BAJAJCON,1276894.6,434924,-65.94
BAJAJHCARE,254391.4,125588,-50.63
BALAMINES,54145.9,145943,169.54
BALKRISHNA,19793.7,9119,-53.93
BALMLAWRIE,260261.6,127262,-51.1
BALPHARMA,11962.9,26425,120.89
BANARISUG,695.4,324,-53.41
BANG,10010.7,4478,-55.27
BANKBETF,21750.1,6690,-69.24
BANKETFADD,11548.2,42541,268.38
BANKNIFTY1,66592.2,10895,-83.64
BANKPSU,12139.7,5572,-54.1
BANSALWIRE,263924.7,60722,-76.99
BANSWRAS,41012.6,9320,-77.28
BARBEQUE,63106.6,336997,434.01
BBNPPGOLD,1721.2,827,-51.95
BBTC,83660.5,28428,-66.02
BCLIND,1983239.9,609146,-69.29
BCONCEPTS,7673.7,2265,-70.48
BELRISE,14005816.3,22973671,64.03
BEPL,369381.9,1040710,181.74
BERGEPAINT,362164.5,164767,-54.5
BESTAGRO,151146.4,364993,141.48
BHAGCHEM,146805.7,864451,488.84
BHARATFORG,660588.9,1929438,192.08
BHARATGEAR,78422.7,21667,-72.37
BHARTIHEXA,128312.8,291838,127.44
BIKAJI,366711.5,169109,-53.89
BIL,20199.1,10081,-50.09
BIRLACORPN,318243.3,670677,110.74
BLBLIMITED,136577.4,430361,215.1
BLISSGVS,2209275.7,4838181,118.99
BLKASHYAP,1037480.2,2860345,175.7
BLUEDART,15552.8,27024,73.76
BLUEJET,1551480.0,603289,-61.12
BOMDYEING,15019903.0,1522854,-89.86
BORANA,174535.7,47596,-72.73
BOROLTD,80846.2,36082,-55.37
BORORENEW,1708394.5,509273,-70.19
BOROSCI,385904.7,68188,-82.33
BRNL,397613.75,58103,-85.39
BSLGOLDETF,129246.9,29587,-77.11
BSOFT,1670658.5,4570137,173.55
BUTTERFLY,34736.6,12305,-64.58
BVCL,203297.0,38009,-81.3
CAMPUS,408055.4,201860,-50.53
CAMS,255840.4,996782,289.61
CANFINHOME,221196.9,716582,223.96
CAPITALSFB,304659.9,45242,-85.15
CARBORUNIV,155647.4,40421,-74.03
CARRARO,138702.3,37152,-73.21
CASHIETF,343383.4,105343,-69.32
CCCL,386389.4,158681,-58.93
CCHHL,70851.9,27684,-60.93
CCL,158857.5,270449,70.25
CEATLTD,240991.7,110763,-54.04
CELEBRITY,125039.0,50456,-59.65
CELLO,94523.4,149745,58.42
CENTEXT,327843.3,81375,-75.18
CENTUM,10759.9,5221,-51.48
CERA,28235.7,13986,-50.47
CESC,2279749.4,6059279,165.79
CEWATER,179385.4,61512,-65.71
CHALET,227416.4,89183,-60.78
CHAMBLFERT,1396878.0,7493748,436.46
CHEMCON,224985.2,1605907,613.78
CHEMPLASTS,154952.0,76806,-50.43
CHENNPETRO,3217812.3,1130795,-64.86
CHOLAFIN,1496617.7,6484530,333.28
CLEAN,196022.2,58263,-70.28
CMSINFO,479327.9,812311,69.47
COHANCE,163285.7,410439,151.36
COMPUSOFT,48916.4,93231,90.59
COMSYN,228963.9,399720,74.58
CONCOR,675962.6,1017629,50.55
CONTROLPR,98613.6,34438,-65.08
CORDSCABLE,52226.9,143269,174.32
CPCAP,4772.7,2037,-57.32
CRAFTSMAN,114878.0,54212,-52.81
CREATIVE,31685.8,12363,-60.98
CREDITACC,997023.6,302793,-69.63
CROWN,24059.5,9721,-59.6
CSBBANK,288860.7,494960,71.35
CUB,1149539.9,2145952,86.68
CUPID,8483298.5,2946445,-65.27
CYBERMEDIA,30335.6,61155,101.59
CYBERTECH,84183.33,29865,-64.52
CYIENTDLM,233148.4,78374,-66.38
DALBHARAT,514584.5,203797,-60.4
DATAMATICS,1749457.0,552273,-68.43
DBCORP,159643.8,70436,-55.88
DBSTOCKBRO,23539.6,7673,-67.4
DCBBANK,1598146.8,6728106,320.99
DCMNVL,16964.7,5825,-65.66
DCW,2007695.2,975230,-51.43
DEEPAKNTR,80115.6,148957,85.93
DELHIVERY,2617430.7,6815743,160.4
DEN,836180.9,385509,-53.9
DENORA,10923.0,64662,491.98
DENTA,2048460.8,364617,-82.2
DEVIT,59172.0,24784,-58.12
DEVYANI,2223382.8,698090,-68.6
DHANBANK,1262746.0,563292,-55.39
DHANUKA,98468.8,224659,128.15
DIAMONDYD,49337.4,91581,85.62
DICIND,1592.6,2494,56.6
DIGIDRIVE,18161.1,217876,1099.69
DIGISPICE,78961.6,38676,-51.02
DIGITIDE,1612191.2,541852,-66.39
DISHTV,3403533.75,1431558,-57.94
DIVGIITTS,9534.6,4758,-50.1
DIXON,359654.5,561218,56.04
DMCC,139514.3,38858,-72.15
DNAMEDIA,143197.7,280889,96.15
DODLA,201935.5,41867,-79.27
DPWIRES,7302.6,20177,176.3
DTIL,4977.0,1578,-68.29
DYNPRO,111487.4,25755,-76.9
EBBETF0430,13089.0,3632,-72.25
EBBETF0431,18945.6,1731,-90.86
EBBETF0433,4308.3,2004,-53.49
EBGNG,26545484.0,6334211,-76.14
ECAPINSURE,54519.3,21422,-60.71
ECLERX,151675.6,60394,-60.18
ECOSMOBLTY,558183.4,118627,-78.75
EGOLD,180071.6,86676,-51.87
EIEL,9664258.3,2566164,-73.45
EIHAHOTELS,20344.8,7493,-63.17
EIMCOELECO,12326.2,5744,-53.4
ELECTHERM,14997.9,1692,-88.72
ELGIEQUIP,1335486.3,248844,-81.37
EMAMILTD,378866.3,4583207,1109.72
EMBDL,3653048.4,6546896,79.22
EMIL,755866.7,304323,-59.74
EMKAY,21159.1,9970,-52.88
EMSLIMITED,362144.3,133757,-63.07
EPACK,606669.7,4305003,609.61
EQUAL200,70050.8,22803,-67.45
EQUAL50,3447.4,213,-93.82
ESAFSFB,443484.5,184639,-58.37
ESCORTS,83396.9,41565,-50.16
ESG,20738.1,7464,-64.01
ESTER,148457.4,462388,211.46
ETERNAL,67851267.9,32474675,-52.14
ETHOSLTD,27086.3,11698,-56.81
EUROTEXIND,3804.56,1010,-73.45
EVIETF,68013.11,26013,-61.75
EXCELINDUS,19625.56,30613,55.99
FACT,421970.44,168316,-60.11
FAIRCHEMOR,6192.11,31587,410.12
FAZE3Q,80184.44,401690,400.96
FIBERWEB,67951.33,22781,-66.47
FLAIR,419091.22,144879,-65.43
FORCEMOT,358178.67,78609,-78.05
FSL,848764.89,3226442,280.13
GALAPREC,22409.0,9513,-57.55
GALAXYSURF,16388.56,27474,67.64
GANDHAR,126049.56,209394,66.12
GANESHBE,184666.78,62014,-66.42
GANESHHOUC,123117.56,55115,-55.23
GANGAFORGE,292093.44,127116,-56.48
GANGESSECU,2268.67,497,-78.09
GARUDA,7639379.44,1911200,-74.98
GEECEE,4240.67,1985,-53.19
GEPIL,177726.22,336061,89.09
GHCL,171722.56,381063,121.91
GICRE,682335.67,2141966,213.92
GILLETTE,26950.67,162247,502.01
GILT5YBEES,260835.89,129059,-50.52
GKWLIMITED,340.11,75681,22151.92
GLAND,439301.11,693215,57.8
GLOBALVECT,42957.0,12567,-70.75
GLOBECIVIL,2143881.33,503739,-76.5
GMDCLTD,7310991.78,1689462,-76.89
GMMPFAUDLR,45762.22,253541,454.04
GMRP&UI,1088966.22,2511269,130.61
GOACARBON,16815.0,281612,1574.77
GOCLCORP,89836.89,29298,-67.39
GOCOLORS,102471.44,22704,-77.84
GODIGIT,2165792.0,907131,-58.12
GODREJCP,869179.67,1600452,84.13
GOKEX,146639.67,1176563,702.35
GOLD360,7949.33,2176,-72.63
GOLDIAM,497721.44,1136063,128.25
GOLDSHARE,344727.22,942153,173.3
GOLDTECH,40392.11,205682,409.21
GPPL,1711357.11,547600,-68.0
GPTHEALTH,280253.33,492267,75.65
GPTINFRA,611771.78,107131,-82.49
GRAPHITE,593244.44,6580600,1009.26
GRAVITA,542434.44,175803,-67.59
GREAVESCOT,2844665.33,55328752,1845.0
GREENLAM,71236.0,31221,-56.17
GRINFRA,32543.11,10145,-68.83
GRMOVER,627776.67,308259,-50.9
GROWWLIQID,150537.44,45371,-69.86
GROWWMOM50,195631.44,316662,61.87
GROWWNET,1519098.56,262342,-82.73
GRPLTD,6333.44,24775,291.18
GRSE,705096.78,1204116,70.77
GRWRHITECH,28936.78,111791,286.33
GSEC10ABSL,1021.5,10,-99.02
GSEC10YEAR,7431.0,15046,102.48
GSLSU,228755.56,70610,-69.13
GSPL,609673.11,179614,-70.54
GTPL,107225.33,34465,-67.86
GUJALKALI,149509.67,64823,-56.64
GUJRAFFIA,6781.89,79,-98.84
GULFOILLUB,74729.56,33392,-55.32
GULPOLY,96309.11,31345,-67.45
GVPTECH,121485.78,1037205,753.77
GVT&D,456548.78,72054,-84.22
HAPPSTMNDS,478030.78,181751,-61.98
HARIOMPIPE,492504.44,159176,-67.68
HATHWAY,6036296.44,2897302,-52.0
HATSUN,227319.33,34074,-85.01
HAVELLS,1463321.33,705250,-51.8
HCG,149160.22,259567,74.02
HDFCLIQUID,15266.11,3752,-75.42
HDFCLOWVOL,24450.89,8354,-65.83
HDFCMOMENT,323085.44,133103,-58.8
HDFCNIFBAN,104317.67,26817,-74.29
HDFCNIFTY,73324.67,35464,-51.63
HDFCPSUBK,22414.78,34076,52.02
HDFCPVTBAN,60569.89,23572,-61.08
HDFCQUAL,27986.67,13618,-51.34
HDFCSILVER,1412608.89,3265409,131.16
HDFCVALUE,8602.0,2393,-72.18
HEADSUP,37253.44,7237,-80.57
HEALTHADD,1537.11,2836,84.5
HEALTHIETF,60991.0,196227,221.73
HEALTHY,181597.22,395554,117.82
HEG,975851.44,46705589,4686.14
HEIDELBERG,306247.22,79519,-74.03
HERANBA,105116.44,184167,75.2
HESTERBIO,5880.0,9426,60.31
HEUBACHIND,34715.67,13382,-61.45
HGS,151197.56,14056,-90.7
HINDCOPPER,6213347.0,14186163,128.32
HINDPETRO,3696493.0,9826520,165.83
HINDUNILVR,951961.78,5505507,478.33
HINDWAREAP,63087.56,109379,73.38
HITECH,818077.89,1540149,88.26
HMVL,22459.11,8333,-62.9
HNGSNGBEES,402040.67,182498,-54.61
HONASA,424280.22,756575,78.32
HONAUT,3801.33,1899,-50.04
HPIL,4348.0,935587,21417.64
HYUNDAI,368197.11,845705,129.69
ICEMAKE,16134.33,32885,103.82
ICICIB22,282243.44,448553,58.92
ICICIPRULI,1075222.0,453485,-57.82
ICIL,195327.0,704055,260.45
ICRA,5432.22,21605,297.72
IDFNIFTYET,653.56,266,-59.3
IEX,69680655.44,28369765,-59.29
IFGLEXPOR,29893.78,13460,-54.97
IGARASHI,112205.11,28032,-75.02
IGCL,1431029.33,400911,-71.98
IGL,3738689.44,7964273,113.02
IIFL,1330466.56,3135193,135.65
IIFLCAPS,836871.67,389647,-53.44
IKIO,46509.89,78358,68.48
INDGN,372086.44,898519,141.48
INDIACEM,1294785.56,617578,-52.3
INDIAGLYCO,172640.89,75243,-56.42
INDIAMART,111880.44,52545,-53.03
INDIANCARD,10045.11,2182,-78.28
INDIANHUME,57186.44,27759,-51.46
INDIGO,724613.78,2572409,255.0
INDIQUBE,10351056.0,5173192,-50.02
INDNIPPON,24572.56,9264,-62.3
INDOAMIN,101009.89,167201,65.53
INDOCO,195671.33,63896,-67.35
INDOTECH,22658.44,34173,50.82
INDTERRAIN,139837.11,67004,-52.08
INDUSTOWER,3955512.22,12526255,216.68
INFOBEAN,508762.33,188009,-63.05
INTELLECT,532801.22,193779,-63.63
INTERNET,162252.56,31059,-80.86
INVENTURE,748005.56,2718793,263.47
IOC,7539789.0,11960546,58.63
IONEXCHANG,488581.78,212208,-56.57
ITC,8153930.6,19364174,137.48
ITCHOTELS,6630077.6,2980880,-55.04
ITDCEM,490178.9,1134361,131.42
ITETF,644537.6,267561,-58.49
ITIETF,665085.2,1614146,142.7
IVP,12774.0,19298,51.07
IXIGO,19591277.3,4374809,-77.67
JAGRAN,265917.5,132203,-50.28
JAGSNPHARM,1261365.8,608519,-51.76
JAIBALAJI,1015565.8,258914,-74.51
JAICORPLTD,530438.6,2498892,371.1
JAIPURKURT,26901.6,6473,-75.94
JAMNAAUTO,902673.6,445500,-50.65
JASH,207767.8,92155,-55.65
JAYBARMARU,53996.3,86322,59.87
JAYNECOIND,112130911.5,184406717,64.46
JCHAC,27542.2,7167,-73.98
JETFREIGHT,59667.1,24684,-58.63
JHS,76170.5,748077,882.11
JINDALPOLY,38628.8,12608,-67.36
JINDRILL,113619.0,1101511,869.48
JIOFIN,16485436.5,49292436,199.01
JKCEMENT,100929.2,44132,-56.27
JKLAKSHMI,291464.6,99513,-65.86
JLHL,31003.7,11509,-62.88
JSL,770884.2,1174268,52.33
JSWINFRA,2106933.5,948230,-54.99
JSWSTEEL,1665959.9,3144726,88.76
JTLIND,3378550.9,1065222,-68.47
JUBLCPL,22496.2,6631,-70.52
JUBLINGREA,351141.7,1374167,291.34
JUNIPER,58154.4,110870,90.65
JYOTICNC,389370.3,109833,-71.79
KABRAEXTRU,32902.0,12570,-61.8
KAJARIACER,735169.8,5426576,638.14
KAKATCEM,16969.0,2533,-85.07
KALAMANDIR,2973897.8,890013,-70.07
KALPATARU,213158.4,86509,-59.42
KAMATHOTEL,74917.2,377067,403.31
KAMDHENU,633922.7,2547227,301.82
KAYNES,271659.8,3889665,1331.81
KCP,445155.5,127449,-71.37
KELLTONTEC,9276002.3,4409027,-52.47
KHANDSE,174157.9,9831,-94.36
KICL,1352.4,2263,67.33
KIMS,608624.8,257226,-57.74
KINGFA,12304.4,19153,55.66
KIOCL,2056233.0,171690,-91.65
KIRLOSBROS,130330.6,366938,181.54
KIRLOSENG,248667.5,91555,-63.18
KOTARISUG,34935.3,96361,175.83
KPIL,208497.1,417284,100.14
KPITTECH,969637.2,1955639,101.69
KPRMILL,329632.2,634954,92.62
KRBL,636765.7,252552,-60.34
KRISHANA,315059.0,633255,101.0
KRITIKA,140258.9,336923,140.22
KRITINUT,19835.7,4167,-78.99
KSB,91304.0,30966,-66.08
KSCL,120476.6,57321,-52.42
KSL,62286.3,249891,301.2
KSOLVES,249111.6,35823,-85.62
KUANTUM,65481.2,26544,-59.46
LALPATHLAB,110978.2,271004,144.2
LANDMARK,36754.8,16011,-56.44
LATENTVIEW,898975.1,127775,-85.79
LATTEYS,81705.1,126310,54.59
LAXMICOT,44786.5,11572,-74.16
LAXMIDENTL,295503.5,94889,-67.89
LEXUS,8591.5,34250,298.65
LFIC,2958.8,6964,135.37
LICMFGOLD,2084.9,4506,116.13
LICNETFN50,960.4,252,-73.76
LICNFNHGP,688.1,75,-89.1
LINCOLN,20327.0,31446,54.7
LIQGRWBEES,2932.5,5624,91.78
LIQUID,113718.9,215504,89.51
LIQUID1,387306.3,621784,60.54
LIQUIDBEES,2733586.1,6094319,122.94
LIQUIDCASE,7842616.9,11934453,52.17
LIQUIDETF,108464.5,206470,90.36
LIQUIDIETF,623021.2,1425816,128.86
LIQUIDSBI,5216.2,16745,221.02
LIQUIDSHRI,21733.5,10433,-52.0
LLOYDSENT,2785258.4,12682673,355.35
LLOYDSME,287593.9,448451,55.93
LODHA,3684678.9,1649835,-55.22
LOWVOL,1952.7,318,-83.71
LOWVOL1,107226.1,345417,222.14
LTF,12644007.9,3524054,-72.13
LTIM,357772.3,152446,-57.39
LTTS,95330.1,35739,-62.51
LUMAXIND,32269.8,7402,-77.06
LUMAXTECH,127669.4,208398,63.23
LYKALABS,29084.3,139018,377.98
M&M,2066707.7,4465859,116.09
M&MFIN,4030724.6,6584182,63.35
MADHAV,8349.6,15982,91.41
MAFANG,187332.1,82808,-55.8
MAGNUM,44071.3,166799,278.48
MAHAPEXLTD,6172.6,1495,-75.78
MAHEPC,268221.5,22906,-91.46
MAHESHWARI,13702.1,41463,202.6
MAHKTECH,2978997.5,818861,-72.51
MAHLIFE,396087.4,170090,-57.06
MAHSEAMLES,212080.0,477654,125.22
MAKEINDIA,18934.7,9141,-51.72
MALLCOM,15588.4,5228,-66.46
MALUPAPER,28789.5,10563,-63.31
MANAKCOAT,633737.0,188493,-70.26
MANAKSIA,320547.7,65826,-79.46
MANALIPETC,3487870.8,612418,-82.44
MANCREDIT,35679.9,256776,619.67
MANGALAM,41245.0,16094,-60.98
MANGCHEFER,1174770.7,484397,-58.77
MANINFRA,723133.1,320076,-55.74
MANYAVAR,203687.8,679372,233.54
MARICO,1512862.1,2682787,77.33
MARKSANS,2122441.7,884409,-58.33
MARUTI,225605.6,709783,214.61
MASFIN,249502.6,108040,-56.7
MASPTOP50,361809.5,636105,75.81
MASTEK,671599.2,53167,-92.08
MASTERTR,1103140.7,292007,-73.53
MAXESTATES,214258.6,79011,-63.12
MAXIND,227915.4,73101,-67.93
MAYURUNIQ,82697.7,141804,71.47
MAZDA,95690.7,39762,-58.45
MCL,36910.1,14632,-60.36
MCLEODRUSS,2929081.9,604451,-79.36
MCLOUD,16645027.2,3805717,-77.14
MEDANTA,246718.2,106602,-56.79
MEDIASSIST,253696.8,80133,-68.41
MEDICO,136472.3,50288,-63.15
MEGASTAR,7521.3,2148,-71.44
METROBRAND,195769.5,39006,-80.08
MFSL,751333.6,325620,-56.66
MGEL,2571718.5,792054,-69.2
MHLXMIRU,4217.9,1383,-67.21
MHRIL,310498.1,82474,-73.44
MID150,28099.7,10284,-63.4
MIDCAP,49578.5,97073,95.8
MIDSELIETF,170375.4,1266063,643.1
MIRCELECTR,2706888.6,587834,-78.28
MIRZAINT,599447.6,187636,-68.7
MMTC,1062161.8,426295,-59.87
MOALPHA50,2589.5,1106,-57.29
MOBIKWIK,1701740.0,790359,-53.56
MODISONLTD,135754.1,35830,-73.61
MOKSH,805375.6,76808,-90.46
MOLDTKPAC,235695.6,111938,-52.51
MOLOWVOL,26483.1,253553,857.41
MOMOMENTUM,78398.2,234647,199.3
MON100,650708.1,1268907,95.0
MONARCH,475578.5,198560,-58.25
MONIFTY500,279164.9,5549650,1887.95
MONQ50,91276.9,157937,73.03
MOSCHIP,430501.4,2814261,553.72
MOTILALOFS,1513577.2,699886,-53.76
MOTISONS,3666327.0,1347603,-63.24
MOTOGENFIN,114102.6,16218,-85.79
MOTOUR,5793.4,488,-91.58
MOVALUE,72107.0,229075,217.69
MPSLTD,77223.7,15162,-80.37
MRPL,9807191.6,4210226,-57.07
MSCIINDIA,11576.3,5110,-55.86
MSPL,630343.6,3777650,499.3
MSTCLTD,113648.1,200267,76.22
MTARTECH,45683.5,78416,71.65
MTNL,2430398.4,5274973,117.04
MUKTAARTS,11582.0,3461,-70.12
MUNJALSHOW,69589.7,138986,99.72
MUTHOOTFIN,330338.3,622451,88.43
MUTHOOTMF,554319.6,187659,-66.15
NAGAFERT,802681.88,288234,-64.09
NAGREEKEXP,8144.7,24773,204.16
NARMADA,453426.7,113891,-74.88
NATCAPSUQ,4819.6,13111,172.04
NATCOPHARM,1453452.7,431025,-70.34
NAVA,694812.5,1056962,52.12
NAVINFLUOR,79517.5,1101250,1284.92
NAVKARCORP,3244380.4,1015323,-68.71
NAVNETEDUL,157633.9,349312,121.6
NAZARA,711733.2,271397,-61.87
NCLIND,173220.4,57159,-67.0
NDRAUTO,84249.1,22768,-72.98
NESCO,182280.1,605305,232.07
NETWEB,342081.7,779651,127.91
NETWORK18,10341035.8,3021753,-70.78
NEWGEN,847071.6,239034,-71.78
NEXT30ADD,31454.2,58640,86.43
NEXT50,14042.4,6807,-51.53
NEXTMEDIA,13881.3,6549,-52.82
NGIL,59496.2,10652,-82.1
NIACL,8513872.5,46150949,442.07
NIF100IETF,331857.7,103971,-68.67
NIF10GETF,3424.5,11092,223.9
NIF5GETF,12063.0,3655,-69.7
NIFTY1,99029.9,41481,-58.11
NIFTYBEES,3811813.2,6228908,63.41
NIFTYBETF,2508.1,6688,166.66
NIFTYETF,139474.4,519515,272.48
NIFTYIETF,232200.5,1599768,588.96
NILKAMAL,10237.3,4176,-59.21
NINSYS,6142.4,9689,57.74
NIPPOBATRY,4407.6,966,-78.08
NIRAJ,20443.6,6869,-66.4
NITCO,207944.5,83195,-59.99
NKIND,1045.44,15089,1343.32
NLCINDIA,2480799.3,1053999,-57.51
NPBET,1908.0,412,-78.41
NPST,25157.6,84568,236.15
NUCLEUS,25063.7,836952,3239.3
NURECA,14828.2,38845,161.97
NV20BEES,231784.1,11556,-95.01
NV20IETF,364563.4,727564,99.57
OAL,35818.9,5310,-85.18
OBCL,139928.9,11793,-91.57
OILIETF,1767950.1,9623689,444.34
OLAELEC,99987107.9,32583113,-67.41
OLECTRA,2452059.9,836029,-65.91
OMAXAUTO,1334720.1,3055855,128.95
OMAXE,635117.0,171944,-72.93
OMINFRAL,107193.5,177209,65.32
ONMOBILE,410544.3,204887,-50.09
ORICONENT,359272.5,623145,73.45
ORIENTBELL,9052.4,3399,-62.45
ORIENTCER,255133.55,91166,-64.27
ORIENTHOT,418200.55,126813,-69.68
ORISSAMINE,48980.0,4040,-91.75
ORTINGLOBE,15959.27,50572,216.88
OSWALSEEDS,51948.55,21799,-58.04
PAISALO,21468108.73,6730166,-68.65
PALASHSECU,3254.0,5803,78.33
PANACEABIO,133127.73,342524,157.29
PANAMAPET,27067.55,122468,352.45
PARAGMILK,2053449.55,496392,-75.83
PASHUPATI,6549.18,2912,-55.54
PASUPTAC,62401.18,125642,101.35
PATINTLOG,131361.82,291146,121.64
PDMJEPAPER,92949.64,146896,58.04
PEL,1081989.0,2309370,113.44
PGEL,1361321.91,2267059,66.53
PGHL,17509.91,6996,-60.05
PGIL,95532.64,440546,361.15
PHOENIXLTD,1191728.09,484778,-59.32
PICCADIL,128805.45,215378,67.21
PIIND,118027.91,265735,125.15
PLATIND,402681.27,54606,-86.44
PNB,18827332.27,42679661,126.69
PNBGILTS,3984399.27,1160162,-70.88
PNCINFRA,1249242.55,314378,-74.83
PODDARMENT,5026.36,1688,-66.42
POKARNA,50839.36,395186,677.32
PONNIERODE,33222.55,9955,-70.04
POWERGRID,7522128.27,14283621,89.89
POWERINDIA,124156.45,263034,111.86
PRAKASH,1694880.64,489377,-71.13
PRECWIRE,140128.45,69178,-50.63
PRIMESECU,168749.82,58412,-65.39
PRIMO,480566.45,151048,-68.57
PRITIKAUTO,96843.82,155187,60.24
PROSTARM,3157740.27,1520414,-51.85
PROTEAN,380546.82,176152,-53.71
PROZONER,467706.18,1837455,292.87
PSUBANKADD,182137.09,9220,-94.94
PSUBNKBEES,1711718.82,5606305,227.52
PSUBNKIETF,129234.64,48374,-62.57
PTL,88445.18,34051,-61.5
PUNJABCHEM,312919.73,520887,66.46
PURVA,381365.36,82546,-78.36
PVP,211792.27,86693,-59.07
PVTBANKADD,33715.09,12732,-62.24
QGOLDHALF,95909.18,276988,188.8
QPOWER,2134854.36,578945,-72.88
QUADFUTURE,568701.0,180029,-68.34
QUAL30IETF,126534.09,2549075,1914.54
QUALITY30,12879.38,2793,-78.31
QUICKHEAL,267113.73,127156,-52.4
RACLGEAR,35008.64,6086,-82.62
RADHIKAJWE,5698782.55,1423003,-75.03
RADIANTCMS,277962.82,999543,259.6
RADICO,171964.64,1115600,548.74
RAINBOW,232947.27,100309,-56.94
RAJRATAN,67303.45,30975,-53.98
RAJSREESUG,26421.82,8142,-69.18
RAMCOIND,139358.36,268464,92.64
RAMRAT,73862.64,194506,163.33
RANEHOLDIN,14538.91,5149,-64.58
RAYMOND,869733.36,293604,-66.24
RBA,848562.91,402466,-52.57
RBLBANK,14277723.09,36143299,153.14
REDINGTON,1777087.82,4980076,180.24
REDTAPE,719708.18,246442,-65.76
REGENCERAM,10306.64,1552,-84.94
RELAXO,233645.91,368551,57.74
RELIABLE,27478.55,70077,155.02
RELIGARE,2706131.09,1140706,-57.85
RGL,210326.18,921226,338.0
RHIM,1427220.09,552710,-61.27
RIIL,70899.0,189690,167.55
RKEC,55934.27,13703,-75.5
RKFORGE,517844.0,989315,91.04
RML,20767.91,9577,-53.89
ROHLTD,147310.27,34096,-76.85
ROSSELLIND,38750.36,9894,-74.47
ROSSTECH,197677.18,54598,-72.38
ROUTE,160577.82,63213,-60.63
RPEL,92863.0,17148,-81.53
RPPL,57688.0,28375,-50.81
RPTECH,120366.55,47334,-60.68
RRKABEL,478513.0,223788,-53.23
RSWM,30803.82,78708,155.51
RSYSTEMS,93200.27,178122,91.12
RUCHIRA,48258.73,21981,-54.45
RUSHIL,617695.91,259188,-58.04
RUSTOMJEE,61495.36,11998,-80.49
SADBHIN,163064.45,248229,52.23
SAFARI,16922.0,33881,100.22
SAGCEM,755039.09,132199,-82.49
SAGILITY,20356898.0,182859754,798.27
SALSTEEL,59869.91,1143184,1809.45
SAMBHAAV,220396.73,100819,-54.26
SAMBHV,15631157.09,3600860,-76.96
SAMPANN,211412.55,12501,-94.09
SANATHAN,139097.55,40773,-70.69
SANDHAR,93305.64,36730,-60.63
SANGHIIND,349284.82,637603,82.55
SANGHVIMOV,162771.55,744725,357.53
SAPPHIRE,1698799.82,369401,-78.26
SAREGAMA,1325148.73,556710,-57.99
SARVESHWAR,2486754.55,3903184,56.96
SASTASUNDR,20077.09,3779,-81.18
SAURASHCEM,1218618.73,2189522,79.67
SBICARD,1035484.91,1750487,69.05
SBIETFPB,4067.55,2026,-50.19
SBIETFQLTY,2308.73,13152,469.66
SBILIFE,972657.91,1570804,61.5
SBISILVER,669912.18,1118714,66.99
SCHAEFFLER,90570.64,43812,-51.63
SCILAL,1011488.55,244466,-75.83
SCODATUBES,715418.82,287814,-59.77
SEAMECLTD,23579.55,38438,63.01
SECURKLOUD,30555.55,9333,-69.46
SELAN,61971.64,28691,-53.7
SELECTIPO,26127.82,6470,-75.24
SENORES,1336483.45,426977,-68.05
SENSEXADD,2974.64,5620,88.93
SETFNIF50,420389.45,1037069,146.69
SETFNIFBK,57097.55,23589,-58.69
SHALPAINTS,178986.8,80517,-55.02
SHANKARA,339030.5,547570,61.51
SHANTIGEAR,177065.9,87807,-50.41
SHARDACROP,2186126.7,481433,-77.98
SHARDAMOTR,195423.4,41501,-78.76
SHIVALIK,82599.5,132119,59.95
SHIVAMAUTO,137693.0,38852,-71.78
SHIVAMILLS,7907.9,2169,-72.57
SHK,516466.7,938235,81.66
SHOPERSTOP,159719.6,22310,-86.03
SHYAMMETL,936376.1,352494,-62.36
SIGACHI,5394463.6,1600490,-70.33
SIGNPOST,87505.2,21825,-75.06
SIKKO,46334.9,72776,57.07
SIL,84446.8,36932,-56.27
SILINV,1746.2,5354,206.61
SILVER,513756.0,1115215,117.07
SILVER1,462163.9,1541127,233.46
SILVERADD,528468.9,257403,-51.29
SILVERCASE,1386003.1,2310944,66.73
SINCLAIR,339603.7,104796,-69.14
SINTERCOM,161999.4,14798,-90.87
SIS,41201.9,380314,823.05
SKIPPER,291793.4,1627267,457.68
SMARTWORKS,3650282.8,261400,-92.84
SMCGLOBAL,118253.1,48212,-59.23
SMLISUZU,265428.8,132593,-50.05
SMLT,9401.18,16117,71.44
SMSLIFE,4507.55,795,-82.36
SNXT30BEES,4839.45,7596,56.96
SOFTTECH,9239.09,53747,481.73
SOLARA,194728.36,88498,-54.55
SOLARINDS,118449.09,202685,71.12
SOMICONVEY,10886.45,3820,-64.91
SONAMLTD,116055.36,18904,-83.71
SONATSOFTW,527312.09,1961329,271.95
SOTL,34948.91,13391,-61.68
SPANDANA,302774.82,83781,-72.33
SPARC,357145.73,152211,-57.38
SPECIALITY,47971.09,15488,-67.71
SPECTRUM,3349.73,7788,132.5
SPIC,3361453.27,1628117,-51.57
SPLPETRO,34241.91,100422,193.27
SPMLINFRA,1085857.91,3733642,243.84
SREEL,3060.64,1228,-59.88
SRGHFL,5426.55,1237,-77.2
SRM,178396.36,60491,-66.09
STALLION,1638617.75,6932253,323.05
STARPAPER,19118.73,7466,-60.95
STEELCAS,29251.0,356002,1117.06
STEELCITY,11104.64,16850,51.74
STEELXIND,4988066.27,1824018,-63.43
STERTOOLS,312735.73,81237,-74.02
STYLAMIND,67008.0,21584,-67.79
SUDARSCHEM,837230.64,386067,-53.89
SUKHJITS,16032.82,4865,-69.66
SUMMITSEC,11555.27,4292,-62.86
SUNCLAY,10792.91,3502,-67.55
SUNDARMFIN,43446.0,113325,160.84
SUNDARMHLD,181655.55,90383,-50.24
SUNDRMBRAK,19206.09,2219,-88.45
SUNPHARMA,1528478.27,3233087,111.52
SUPERSPIN,198107.45,13497,-93.19
SUPREME,65540.45,21797,-66.74
SURANASOL,122580.45,59870,-51.16
SURANAT&P,72881.36,310157,325.56
SUTLEJTEX,123876.55,42940,-65.34
SWANENERGY,3490843.0,989694,-71.65
SWELECTES,37974.91,11484,-69.76
SWIGGY,17046220.45,8479325,-50.26
SWSOLAR,4272706.64,1138787,-73.35
SYNGENE,1872359.0,856999,-54.23
TAINWALCHM,118424.45,14548,-87.72
TAJGVK,168992.64,72399,-57.16
TALBROAUTO,53748.64,110370,105.34
TANLA,808249.27,325939,-59.67
TARACHAND,123460.36,759613,515.27
TARMAT,72357.73,27895,-61.45
TATACHEM,1780414.55,772958,-56.59
TATAINVEST,53419.55,96573,80.78
TATAMOTORS,9279881.09,18723710,101.77
TBZ,385217.0,158405,-58.88
TCI,47174.27,21621,-54.17
TDPOWERSYS,595833.18,1586663,166.29
TGBHOTELS,143637.09,15698,-89.07
THEINVEST,77569.18,17982,-76.82
THELEELA,1004711.73,154822,-84.59
THERMAX,503590.91,170040,-66.23
THYROCARE,296977.27,143952,-51.53
TI,10027919.36,2474633,-75.32
TIMESGTY,185842.0,77533,-58.28
TINNARUBR,55444.73,12929,-76.68
TIPSMUSIC,189781.09,491951,159.22
TMB,94300.64,152114,61.31
TOKYOPLAST,32529.55,4298,-86.79
TOP10ADD,271665.27,2688290,889.56
TORNTPHARM,603313.45,261716,-56.62
TOTAL,7489.36,2234,-70.17
TOUCHWOOD,6227.0,1768,-71.61
TRANSWORLD,18287.45,5629,-69.22
TRAVELFOOD,1108895.18,299125,-73.02
TREL,145548.45,69415,-52.31
TRF,18244.55,9023,-50.54
TRIGYN,42726.36,7533,-82.37
TRITURBINE,873244.55,315045,-63.92
TTKPRESTIG,86337.0,36171,-58.1
TVSHLTD,8486.91,14072,65.81
TVSMOTOR,558719.09,1287444,130.43
TVSSRICHAK,6281.91,1797,-71.39
TVTODAY,121230.36,44700,-63.13
UBL,211987.55,30880,-85.43
UCAL,18219.27,3952,-78.31
UDAICEMENT,1211945.55,432810,-64.29
UDS,549666.55,151085,-72.51
UFO,56674.73,122412,115.99
UNICHEMLAB,33922.09,55478,63.55
UNIENTER,14350.55,3977,-72.29
UNIONGOLD,4841.64,1134,-76.58
UNIPARTS,35912.27,62969,75.34
UNITDSPR,861870.91,1486378,72.46
UNITEDTEA,2306.18,894,-61.23
UNIVASTU,89387.27,10579,-88.16
UTIAMC,325300.0,111779,-65.64
UTIBANKETF,441415.91,684195,55.0
UTINIFTETF,47140.18,391036,729.52
UTISENSETF,1484.27,3826,157.77
UYFINCORP,91724.27,744325,711.48
V2RETAIL,39309.91,314301,699.55
VAISHALI,280548.36,88235,-68.55
VAL30IETF,101477.18,47966,-52.73
VARDMNPOLY,276121.82,1040073,276.67
VEDL,3547515.18,7762131,118.8
VERTOZ,433639.64,153770,-64.54
VESUVIUS,143500.18,67636,-52.87
VETO,50161.27,383035,663.61
VHL,795.64,1283,61.25
VIJAYA,858591.0,314926,-63.32
VIKASLIFE,3606719.82,1754282,-51.36
VIPCLOTHNG,304517.09,144609,-52.51
VIPIND,572799.55,189463,-66.92
VISHNU,545635.09,1548285,183.76
VISHWARAJ,218078.55,97801,-55.15
VMART,250824.18,100814,-59.81
VRLLOG,102608.18,203242,98.08
VSTIND,380775.18,127230,-66.59
VSTTILLERS,27210.27,10667,-60.8
VTL,165509.09,343616,107.61
WAAREEENER,2392670.55,3821179,59.7
WAAREERTL,1951289.18,371762,-80.95
WABAG,583387.45,200376,-65.65
WEALTH,3452.27,6670,93.21
WEIZMANIND,5617.45,2325,-58.61
WEL,414812.64,185947,-55.17
WELSPUNLIV,3541042.36,7203500,103.43
WENDT,86858.0,25626,-70.5
WESTLIFE,132980.36,40254,-69.73
WEWIN,5599.09,1740,-68.92
WHEELS,36637.73,17611,-51.93
WILLAMAGOR,6132.82,1418,-76.88
WONDERLA,53539.64,160001,198.85
WORTH,122916.45,32129,-73.86
WSTCSTPAPR,114263.36,45591,-60.1
XELPMOC,8133.91,3033,-62.71
XPROINDIA,42249.27,17253,-59.16
XTGLOBAL,18447.27,6258,-66.08
YASHO,7003.18,18752,167.76
ZENITHEXPO,779.18,102,-86.91
ZENTEC,188447.64,2228698,1082.66
ZFCVINDIA,8456.27,3053,-63.9
ZIMLAB,497154.64,62610,-87.41
ZODIACLOTH,11711.0,1273,-89.13
ZOTA,69482.09,116398,67.52
ZUARI,2336576.0,25118496,975.01
ZUARIIND,153675.18,1037120,574.88
ZYDUSWELL,79657.18,30082,-62.24
